family,census_taxid,census_otu_count,census_size_count,otu_percentage,size_percentage,ncbi_genome_count,ncbi_species_count,genome_pct_db,species_pct,direct_name_matches,direct_taxid_matches,hierarchical_taxid_matches,lineage_name_matches,total_matches,match_status,domain,isolate_count,isolate_percentage,novelty_factor,overrepresentation_factor
Eukaryota.U.family,2759,9333,39360,13.16,9.81,59130,24211,100.0,100.0,0,0,24211,0,24211,matched,Eukaryota,57069,96.51,0.385,2.594
Opisthokonta.U.family,33154,687,3638,0.97,0.91,48096,19894,81.34,82.17,0,0,19894,0,19894,matched,Eukaryota,46745,97.19,0.035,28.958
Metazoa.U.family,33208,4480,25091,6.32,6.25,24478,12832,41.4,53.0,0,0,12832,0,12832,matched,Eukaryota,24291,99.24,0.349,2.864
Fungi_XXX,4751,190,809,0.27,0.2,23592,7041,39.9,29.08,0,0,7041,0,7041,matched,Eukaryota,22429,95.07,0.027,37.058
Fungi.U.family,4751,1112,2638,1.57,0.66,23592,7041,39.9,29.08,0,0,7041,0,7041,matched,Eukaryota,22429,95.07,0.158,6.332
Ascomycota.U.family,4890,288,3632,0.41,0.9,19277,4926,32.6,20.35,0,0,4926,0,4926,matched,Eukaryota,18198,94.4,0.058,17.104
Pezizomycotina.U.family,147538,987,5074,1.39,1.26,12730,3616,21.53,14.94,0,0,3616,0,3616,matched,Eukaryota,12083,94.92,0.273,3.664
Arthropoda.U.family,6656,138,741,0.19,0.18,9744,5500,16.48,22.72,0,0,5500,0,5500,matched,Eukaryota,9662,99.16,0.025,39.855
Arthropoda_XX,6656,16,24,0.02,0.01,9744,5500,16.48,22.72,0,0,5500,0,5500,matched,Eukaryota,9662,99.16,0.003,343.75
Insecta,50557,3087,19878,4.35,4.95,8796,4858,14.88,20.07,0,0,4858,0,4858,matched,Eukaryota,8739,99.35,0.635,1.574
Streptophyta_XXXX,35493,4,23,0.01,0.01,7835,3043,13.25,12.57,0,0,3043,0,3043,matched,Eukaryota,7722,98.56,0.001,760.75
Saccharomycotina_X,147537,46,237,0.06,0.06,6396,1269,10.82,5.24,0,0,1269,0,1269,matched,Eukaryota,5980,93.5,0.036,27.587
Saccharomycotina.U.family,147537,259,3098,0.37,0.77,6396,1269,10.82,5.24,0,0,1269,0,1269,matched,Eukaryota,5980,93.5,0.204,4.9
Sordariomycetes,147550,1305,9434,1.84,2.35,5769,1506,9.76,6.22,0,0,1506,0,1506,matched,Eukaryota,5729,99.31,0.867,1.154
Mammalia,40674,257,852,0.36,0.21,4692,1050,7.94,4.34,0,0,1050,0,1050,matched,Eukaryota,4674,99.62,0.245,4.086
Teleostei,32443,65,111,0.09,0.03,3440,2169,5.82,8.96,0,0,2169,0,2169,matched,Eukaryota,3428,99.65,0.03,33.369
Basidiomycota.U.family,5204,32,88,0.05,0.02,3277,1567,5.54,6.47,0,0,1567,0,1567,matched,Eukaryota,3229,98.54,0.02,48.969
Eurotiomycetes,147545,604,6441,0.85,1.6,3066,720,5.19,2.97,0,0,720,0,720,matched,Eukaryota,3007,98.08,0.839,1.192
Saccharomycetales,4892,233,2434,0.33,0.61,2825,173,4.78,0.71,0,0,173,0,173,matched,Eukaryota,2770,98.05,1.347,0.742
Dothideomycetes,147541,874,4225,1.23,1.05,2654,584,4.49,2.41,0,0,584,0,584,matched,Eukaryota,2628,99.02,1.497,0.668
Agaricomycotina.U.family,5302,328,2666,0.46,0.66,2396,1320,4.05,5.45,0,0,1320,0,1320,matched,Eukaryota,2387,99.62,0.248,4.024
Agaricomycetes,155619,759,5519,1.07,1.38,1799,1120,3.04,4.63,0,0,1120,0,1120,matched,Eukaryota,1796,99.83,0.678,1.476
Stramenopiles_XXXX,33634,5,8,0.01,0.0,1043,480,1.76,1.98,0,0,480,0,480,matched,Eukaryota,923,88.49,0.01,96.0
Stramenopiles.U.family,33634,1038,7804,1.46,1.94,1043,480,1.76,1.98,0,0,480,0,480,matched,Eukaryota,923,88.49,2.163,0.462
Mollusca.U.family,6447,353,2354,0.5,0.59,715,492,1.21,2.03,0,0,492,0,492,matched,Eukaryota,695,97.2,0.717,1.394
Nematoda.U.family,6231,1163,5960,1.64,1.49,710,317,1.2,1.31,0,0,317,0,317,matched,Eukaryota,706,99.44,3.669,0.273
Chromadorea_X,119089,778,4386,1.1,1.09,658,287,1.11,1.19,0,0,287,0,287,matched,Eukaryota,654,99.39,2.711,0.369
Alveolata.U.family,33630,393,8253,0.55,2.06,658,219,1.11,0.9,0,0,219,0,219,matched,Eukaryota,639,97.11,1.795,0.557
Tremellomycetes,155616,126,690,0.18,0.17,593,196,1.0,0.81,0,0,196,0,196,matched,Eukaryota,587,98.99,0.643,1.556
Lecanoromycetes,147547,220,1048,0.31,0.26,531,387,0.9,1.6,0,0,387,0,387,matched,Eukaryota,63,11.86,0.568,1.759
Chlorophyta_X.U.family,3041,499,2267,0.7,0.56,518,245,0.88,1.01,0,0,245,0,245,matched,Eukaryota,349,67.37,2.037,0.491
Leotiomycetes,147548,374,2629,0.53,0.66,429,232,0.73,0.96,0,0,232,0,232,matched,Eukaryota,423,98.6,1.612,0.62
Lepidosauria,8504,4,42,0.01,0.01,422,317,0.71,1.31,0,0,317,0,317,matched,Eukaryota,419,99.29,0.013,79.25
Arachnida,6854,130,496,0.18,0.12,372,241,0.63,1.0,0,0,241,0,241,matched,Eukaryota,369,99.19,0.539,1.854
Ustilaginomycotina.U.family,452284,43,1134,0.06,0.28,352,116,0.6,0.48,0,0,116,0,116,matched,Eukaryota,322,91.48,0.371,2.698
Anthozoa,6101,297,2971,0.42,0.74,340,222,0.58,0.92,0,0,222,0,222,matched,Eukaryota,339,99.71,1.338,0.747
Euglenozoa.U.family,33682,50,204,0.07,0.05,326,121,0.55,0.5,0,0,121,0,121,matched,Eukaryota,326,100.0,0.413,2.42
Peronosporales,4776,373,2022,0.53,0.5,318,106,0.54,0.44,0,0,106,0,106,matched,Eukaryota,318,100.0,3.519,0.284
Kinetoplastea_XX,5653,183,428,0.26,0.11,309,112,0.52,0.46,0,0,112,0,112,matched,Eukaryota,309,100.0,1.634,0.612
Kinetoplastea.U.family,5653,451,1621,0.64,0.4,309,112,0.52,0.46,0,0,112,0,112,matched,Eukaryota,309,100.0,4.027,0.248
Trypanosomatidae,5654,147,1188,0.21,0.3,301,107,0.51,0.44,0,0,107,0,107,matched,Eukaryota,301,100.0,1.374,0.728
Crustacea.U.family,6657,436,2433,0.61,0.61,295,178,0.5,0.74,0,0,178,0,178,matched,Eukaryota,274,92.88,2.449,0.408
Mucoromycotina_X,451507,75,977,0.11,0.24,284,114,0.48,0.47,0,0,114,0,114,matched,Eukaryota,281,98.94,0.658,1.52
Mucoromycotina.U.family,451507,57,363,0.08,0.09,284,114,0.48,0.47,0,0,114,0,114,matched,Eukaryota,281,98.94,0.5,2.0
Amphibia,8292,5,9,0.01,0.0,282,206,0.48,0.85,0,0,206,0,206,matched,Eukaryota,282,100.0,0.024,41.2
Zoopagomycota_XX,1913638,27,72,0.04,0.02,217,192,0.37,0.79,0,0,192,0,192,matched,Eukaryota,215,99.08,0.141,7.111
Zoopagomycota.U.family,1913638,1,2,0.0,0.0,217,192,0.37,0.79,0,0,192,0,192,matched,Eukaryota,215,99.08,0.005,192.0
Annelida_XX,6340,49,237,0.07,0.06,191,126,0.32,0.52,0,0,126,0,126,matched,Eukaryota,189,98.95,0.389,2.571
Trebouxiophyceae_XX,75966,5,8,0.01,0.0,183,89,0.31,0.37,0,0,89,0,89,matched,Eukaryota,141,77.05,0.056,17.8
Plasmodiidae,1639119,103,612,0.15,0.15,176,26,0.3,0.11,0,0,26,0,26,matched,Eukaryota,176,100.0,3.962,0.252
Kickxellales,4861,12,40,0.02,0.01,171,153,0.29,0.63,0,0,153,0,153,matched,Eukaryota,171,100.0,0.078,12.75
Ciliophora.U.family,5878,803,4342,1.13,1.08,162,80,0.27,0.33,0,0,80,0,80,matched,Eukaryota,150,92.59,10.037,0.1
Echinodermata_XX,7586,48,349,0.07,0.09,161,106,0.27,0.44,0,0,106,0,106,matched,Eukaryota,161,100.0,0.453,2.208
Platyhelminthes.U.family,6157,851,2920,1.2,0.73,154,102,0.26,0.42,0,0,102,0,102,matched,Eukaryota,153,99.35,8.343,0.12
Chytridiomycota.U.family,4761,530,1528,0.75,0.38,145,74,0.25,0.31,0,0,74,0,74,matched,Eukaryota,124,85.52,7.162,0.14
Chytridiomycota_XX,4761,3,3,0.0,0.0,145,74,0.25,0.31,0,0,74,0,74,matched,Eukaryota,124,85.52,0.041,24.667
Ustilaginomycetes,5257,69,166,0.1,0.04,135,52,0.23,0.21,0,0,52,0,52,matched,Eukaryota,135,100.0,1.327,0.754
Taphrinomycotina.U.family,451866,17,110,0.02,0.03,132,36,0.22,0.15,0,0,36,0,36,matched,Eukaryota,131,99.24,0.472,2.118
Microsporida_X,6029,11,21,0.02,0.01,124,65,0.21,0.27,0,0,65,0,65,matched,Eukaryota,120,96.77,0.169,5.909
Bigyra.U.family,2683628,30,244,0.04,0.06,124,42,0.21,0.17,0,0,42,0,42,matched,Eukaryota,56,45.16,0.714,1.4
Bathycoccaceae,1525212,308,6531,0.43,1.63,113,23,0.19,0.09,0,0,23,0,23,matched,Eukaryota,46,40.71,13.391,0.075
Chlorophyceae.U.family,3166,10,62,0.01,0.02,106,74,0.18,0.31,0,0,74,0,74,matched,Eukaryota,100,94.34,0.135,7.4
Rotifera_XX,10190,135,1684,0.19,0.42,104,23,0.18,0.09,0,0,23,0,23,matched,Eukaryota,88,84.62,5.87,0.17
Opalozoa.U.family,2683629,218,1086,0.31,0.27,103,22,0.17,0.09,0,0,22,0,22,matched,Eukaryota,35,33.98,9.909,0.101
Amoebozoa.U.family,554915,4214,15143,5.94,3.77,99,63,0.17,0.26,0,0,63,0,63,matched,Eukaryota,95,95.96,66.889,0.015
Saprolegniales,4763,5,126,0.01,0.03,98,9,0.17,0.04,0,0,9,0,9,matched,Eukaryota,98,100.0,0.556,1.8
Mortierellaceae_X,4854,6,6,0.01,0.0,97,54,0.16,0.22,0,0,54,0,54,matched,Eukaryota,93,95.88,0.111,9.0
Schizosaccharomycetes,147554,2,13,0.0,0.0,94,8,0.16,0.03,0,0,8,0,8,matched,Eukaryota,93,98.94,0.25,4.0
Blastocystis-Group,12967,72,618,0.1,0.15,91,15,0.15,0.06,0,0,15,0,15,matched,Eukaryota,25,27.47,4.8,0.208
Exobasidiomycetes,452283,306,11775,0.43,2.93,90,37,0.15,0.15,0,0,37,0,37,matched,Eukaryota,89,98.89,8.27,0.121
Cryptosporidiidae,35082,64,939,0.09,0.23,87,20,0.15,0.08,0,0,20,0,20,matched,Eukaryota,86,98.85,3.2,0.312
Chlorellales_X,35460,315,3348,0.44,0.83,82,38,0.14,0.16,0,0,38,0,38,matched,Eukaryota,80,97.56,8.289,0.121
Caenogastropoda,69555,45,225,0.06,0.06,75,53,0.13,0.22,0,0,53,0,53,matched,Eukaryota,75,100.0,0.849,1.178
Rhizaria.U.family,543769,2,3,0.0,0.0,72,18,0.12,0.07,0,0,18,0,18,matched,Eukaryota,67,93.06,0.111,9.0
Eimeriidae,5799,68,535,0.1,0.13,70,18,0.12,0.07,0,0,18,0,18,matched,Eukaryota,69,98.57,3.778,0.265
Chlamydomonadales_X,3042,217,1479,0.31,0.37,70,44,0.12,0.18,0,0,44,0,44,matched,Eukaryota,66,94.29,4.932,0.203
Lipomycetaceae,29827,3,6,0.0,0.0,66,35,0.11,0.14,0,0,35,0,35,matched,Eukaryota,66,100.0,0.086,11.667
Endomyxa_XX,2604748,2,2,0.0,0.0,61,9,0.1,0.04,0,0,9,0,9,matched,Eukaryota,59,96.72,0.222,4.5
Phaeophyceae_XX,2870,77,666,0.11,0.17,61,51,0.1,0.21,0,0,51,0,51,matched,Eukaryota,61,100.0,1.51,0.662
Branchiopoda,6658,132,783,0.19,0.2,60,28,0.1,0.12,0,0,28,0,28,matched,Eukaryota,53,88.33,4.714,0.212
Enoplea_X,119088,21,209,0.03,0.05,52,30,0.09,0.12,0,0,30,0,30,matched,Eukaryota,52,100.0,0.7,1.429
Scyphozoa,6142,13,32,0.02,0.01,51,27,0.09,0.11,0,0,27,0,27,matched,Eukaryota,51,100.0,0.481,2.077
Neocallimastigaceae,29007,10,79,0.01,0.02,50,9,0.08,0.04,0,0,9,0,9,matched,Eukaryota,32,64.0,1.111,0.9
Neocallimastigomycota_XX,451455,54,78,0.08,0.02,50,9,0.08,0.04,0,0,9,0,9,matched,Eukaryota,32,64.0,6.0,0.167
Bacillariophyceae_XX,33849,8,29,0.01,0.01,50,34,0.08,0.14,0,0,34,0,34,matched,Eukaryota,41,82.0,0.235,4.25
Dinoflagellata.U.family,2864,22,28,0.03,0.01,48,33,0.08,0.14,0,0,33,0,33,matched,Eukaryota,48,100.0,0.667,1.5
Dinophyceae_XX,2864,14,19,0.02,0.0,48,33,0.08,0.14,0,0,33,0,33,matched,Eukaryota,48,100.0,0.424,2.357
Dinophyceae.U.family,2864,1090,4487,1.54,1.12,48,33,0.08,0.14,0,0,33,0,33,matched,Eukaryota,48,100.0,33.03,0.03
Glomerales,36750,236,4813,0.33,1.2,48,12,0.08,0.05,0,0,12,0,12,matched,Eukaryota,48,100.0,19.667,0.051
Thalassiosirales.U.family,33847,53,222,0.07,0.06,45,34,0.08,0.14,0,0,34,0,34,matched,Eukaryota,38,84.44,1.559,0.642
Discosea_X.U.family,555280,28,93,0.04,0.02,41,27,0.07,0.11,0,0,27,0,27,matched,Eukaryota,38,92.68,1.037,0.964
Hexamitidae,5739,573,3242,0.81,0.81,41,4,0.07,0.02,0,0,4,0,4,matched,Eukaryota,41,100.0,143.25,0.007
Sarcocystidae,5809,76,608,0.11,0.15,40,6,0.07,0.02,0,0,6,0,6,matched,Eukaryota,40,100.0,12.667,0.079
Oligohymenophorea.U.family,6020,339,1781,0.48,0.44,38,19,0.06,0.08,0,0,19,0,19,matched,Eukaryota,37,97.37,17.842,0.056
Ostreoida,6562,13,29,0.02,0.01,38,18,0.06,0.07,0,0,18,0,18,matched,Eukaryota,21,55.26,0.722,1.385
Babesiidae,32594,23,158,0.03,0.04,35,12,0.06,0.05,0,0,12,0,12,matched,Eukaryota,33,94.29,1.917,0.522
Sphaeropleales.U.family,35491,56,214,0.08,0.05,35,29,0.06,0.12,0,0,29,0,29,matched,Eukaryota,33,94.29,1.931,0.518
Sphaeropleales_X,35491,4,6,0.01,0.0,35,29,0.06,0.12,0,0,29,0,29,matched,Eukaryota,33,94.29,0.138,7.25
Thalassiosiraceae,29202,309,6048,0.44,1.51,32,26,0.05,0.11,0,0,26,0,26,matched,Eukaryota,28,87.5,11.885,0.084
Acanthamoebidae,33677,123,773,0.17,0.19,31,21,0.05,0.09,0,0,21,0,21,matched,Eukaryota,30,96.77,5.857,0.171
Rhizophydiales.U.family,451442,29,107,0.04,0.03,28,13,0.05,0.05,0,0,13,0,13,matched,Eukaryota,28,100.0,2.231,0.448
Rhizophydiales_X,451442,157,593,0.22,0.15,28,13,0.05,0.05,0,0,13,0,13,matched,Eukaryota,28,100.0,12.077,0.083
Chytridiales_X,4810,1,5,0.0,0.0,26,22,0.04,0.09,0,0,22,0,22,matched,Eukaryota,26,100.0,0.045,22.0
Heterolobosea.U.family,5752,896,4751,1.26,1.18,26,9,0.04,0.04,0,0,9,0,9,matched,Eukaryota,19,73.08,99.556,0.01
Tetramitia_I.U.family,2601529,200,796,0.28,0.2,26,9,0.04,0.04,0,0,9,0,9,matched,Eukaryota,19,73.08,22.222,0.045
Tetramitia_I_X,2601529,58,319,0.08,0.08,26,9,0.04,0.04,0,0,9,0,9,matched,Eukaryota,19,73.08,6.444,0.155
Eustigmatophyceae_XX,5747,39,315,0.06,0.08,23,7,0.04,0.03,0,0,7,0,7,matched,Eukaryota,23,100.0,5.571,0.179
Taphrinomycetes,147555,17,80,0.02,0.02,22,17,0.04,0.07,0,0,17,0,17,matched,Eukaryota,22,100.0,1.0,1.0
Parameciidae,340080,65,547,0.09,0.14,22,10,0.04,0.04,0,0,10,0,10,matched,Eukaryota,22,100.0,6.5,0.154
Labyrinthulomycetes.U.family,35131,19,33,0.03,0.01,21,20,0.04,0.08,0,0,20,0,20,matched,Eukaryota,21,100.0,0.95,1.053
Mastigamoebida.U.family,2682482,1,2,0.0,0.0,20,7,0.03,0.03,0,0,7,0,7,matched,Eukaryota,20,100.0,0.143,7.0
Theileriidae,27994,101,1221,0.14,0.3,18,8,0.03,0.03,0,0,8,0,8,matched,Eukaryota,18,100.0,12.625,0.079
Harpellales,61421,60,247,0.08,0.06,11,9,0.02,0.04,0,0,9,0,9,matched,Eukaryota,11,100.0,6.667,0.15
Bicoecea_XX,33651,7,9,0.01,0.0,11,6,0.02,0.02,0,0,6,0,6,matched,Eukaryota,9,81.82,1.167,0.857
Coccomyxaceae,35472,20,87,0.03,0.02,11,7,0.02,0.03,0,0,7,0,7,matched,Eukaryota,9,81.82,2.857,0.35
Bicoecea.U.family,33651,280,1227,0.39,0.31,11,6,0.02,0.02,0,0,6,0,6,matched,Eukaryota,9,81.82,46.667,0.021
Blastocladiomycetes,451460,29,147,0.04,0.04,10,8,0.02,0.03,0,0,8,0,8,matched,Eukaryota,10,100.0,3.625,0.276
Perkinsida_X.U.family,27998,29,74,0.04,0.02,9,4,0.02,0.02,0,0,4,0,4,matched,Eukaryota,9,100.0,7.25,0.138
Merostomata,6844,36,122,0.05,0.03,9,4,0.02,0.02,0,0,4,0,4,matched,Eukaryota,9,100.0,9.0,0.111
Perkinsida_XX,27998,221,1396,0.31,0.35,9,4,0.02,0.02,0,0,4,0,4,matched,Eukaryota,9,100.0,55.25,0.018
Oxytrichidae,57506,800,7715,1.13,1.92,9,5,0.02,0.02,0,0,5,0,5,matched,Eukaryota,9,100.0,160.0,0.006
Pelagomonadaceae,3235057,36,182,0.05,0.05,9,5,0.02,0.02,0,0,5,0,5,matched,Eukaryota,9,100.0,7.2,0.139
Cyanidiales_X,265318,2,21,0.0,0.01,8,3,0.01,0.01,0,0,3,0,3,matched,Eukaryota,8,100.0,0.667,1.5
Ichthyophonida_XX,198625,6,11,0.01,0.0,8,6,0.01,0.02,0,0,6,0,6,matched,Eukaryota,8,100.0,1.0,1.0
Chloropicaceae,2302913,15,50,0.02,0.01,7,4,0.01,0.02,0,0,4,0,4,matched,Eukaryota,7,100.0,3.75,0.267
Cercozoa_XXX,136419,12,21,0.02,0.01,7,5,0.01,0.02,0,0,5,0,5,matched,Eukaryota,6,85.71,2.4,0.417
Cercozoa.U.family,136419,1152,3275,1.62,0.82,7,5,0.01,0.02,0,0,5,0,5,matched,Eukaryota,6,85.71,230.4,0.004
Cafeteriaceae,238884,18,75,0.03,0.02,7,3,0.01,0.01,0,0,3,0,3,matched,Eukaryota,5,71.43,6.0,0.167
Endomyxa-Ascetosporea_XX,1871466,4,8,0.01,0.0,6,6,0.01,0.02,0,0,6,0,6,matched,Eukaryota,4,66.67,0.667,1.5
Euglenida.U.family,3035,1526,5350,2.15,1.33,5,3,0.01,0.01,0,0,3,0,3,matched,Eukaryota,5,100.0,508.667,0.002
Selenastraceae,35466,1,1,0.0,0.0,5,5,0.01,0.02,0,0,5,0,5,matched,Eukaryota,4,80.0,0.2,5.0
Dacrymycetes,452332,5,5,0.01,0.0,4,4,0.01,0.02,0,0,4,0,4,matched,Eukaryota,4,100.0,1.25,0.8
Spizellomycetaceae,34479,52,167,0.07,0.04,4,4,0.01,0.02,0,0,4,0,4,matched,Eukaryota,4,100.0,13.0,0.077
Rozellomycota_XX,1031332,268,757,0.38,0.19,3,2,0.01,0.01,0,0,2,0,2,matched,Eukaryota,3,100.0,134.0,0.007
Salpingoecidae_Group_C1,81529,148,357,0.21,0.09,3,2,0.01,0.01,0,0,2,0,2,matched,Eukaryota,3,100.0,74.0,0.014
Paramoebidae,200887,54,81,0.08,0.02,3,2,0.01,0.01,0,0,2,0,2,matched,Eukaryota,3,100.0,27.0,0.037
Balamuthiidae,555408,8,12,0.01,0.0,3,1,0.01,0.0,0,0,1,0,1,matched,Eukaryota,3,100.0,8.0,0.125
Phaeodactylaceae,38749,15,37,0.02,0.01,3,1,0.01,0.0,0,0,1,0,1,matched,Eukaryota,3,100.0,15.0,0.067
Foraminifera.U.family,29178,322,2196,0.45,0.55,3,3,0.01,0.01,0,0,3,0,3,matched,Eukaryota,2,66.67,107.333,0.009
Euglenaceae,1131320,470,1572,0.66,0.39,3,1,0.01,0.0,0,0,1,0,1,matched,Eukaryota,3,100.0,470.0,0.002
Colpodellida_CHR1,877183,18,70,0.03,0.02,3,2,0.01,0.01,0,0,2,0,2,matched,Eukaryota,3,100.0,9.0,0.111
Vannellidae,95227,56,94,0.08,0.02,2,1,0.0,0.0,0,0,1,0,1,matched,Eukaryota,0,0.0,56.0,0.018
Tubulinea.U.family,555369,2,2,0.0,0.0,2,1,0.0,0.0,0,0,1,0,1,matched,Eukaryota,1,50.0,2.0,0.5
Monothalamids_X.U.family,1505960,507,2233,0.72,0.56,2,2,0.0,0.01,0,0,2,0,2,matched,Eukaryota,2,100.0,253.5,0.004
Neobodonida.U.family,2704648,221,929,0.31,0.23,2,1,0.0,0.0,0,0,1,0,1,matched,Eukaryota,2,100.0,221.0,0.005
Tubulinea_XXXX,555369,7,15,0.01,0.0,2,1,0.0,0.0,0,0,1,0,1,matched,Eukaryota,1,50.0,7.0,0.143
Mastigamoebidae,174815,1609,10879,2.27,2.71,2,1,0.0,0.0,0,0,1,0,1,matched,Eukaryota,2,100.0,1609.0,0.001
Paulinellidae,39715,17,24,0.02,0.01,2,1,0.0,0.0,0,0,1,0,1,matched,Eukaryota,2,100.0,17.0,0.059
Monothalamids_XX,1505960,92,231,0.13,0.06,2,2,0.0,0.01,0,0,2,0,2,matched,Eukaryota,2,100.0,46.0,0.022
Ochromonadaceae,88165,12,14,0.02,0.0,2,2,0.0,0.01,0,0,2,0,2,matched,Eukaryota,2,100.0,6.0,0.167
Tubulinea_X.U.family,555369,121,492,0.17,0.12,2,1,0.0,0.0,0,0,1,0,1,matched,Eukaryota,1,50.0,121.0,0.008
Gastrotricha_XX,33313,99,612,0.14,0.15,1,1,0.0,0.0,0,0,1,0,1,matched,Eukaryota,1,100.0,99.0,0.01
Digenea,256429,190,955,0.27,0.24,1,1,0.0,0.0,0,0,1,0,1,matched,Eukaryota,1,100.0,190.0,0.005
Polychytriales_X,1134056,5,6,0.01,0.0,1,1,0.0,0.0,0,0,1,0,1,matched,Eukaryota,1,100.0,5.0,0.2
Rhabdomonadales,86649,26,100,0.04,0.02,1,1,0.0,0.0,0,0,1,0,1,matched,Eukaryota,1,100.0,26.0,0.038
Neovahlkampfiidae,2602010,211,780,0.3,0.19,1,1,0.0,0.0,0,0,1,0,1,matched,Eukaryota,1,100.0,211.0,0.005
Pelobiontida.U.family,2682475,2,3,0.0,0.0,1,1,0.0,0.0,0,0,1,0,1,matched,Eukaryota,1,100.0,2.0,0.5
Neogregarinorida.U.family,238088,5,9,0.01,0.0,1,1,0.0,0.0,0,0,1,0,1,matched,Eukaryota,1,100.0,5.0,0.2
Bodonidae,5708,10,15,0.01,0.0,1,1,0.0,0.0,0,0,1,0,1,matched,Eukaryota,1,100.0,10.0,0.1
Labyrinthulaceae,35132,62,238,0.09,0.06,1,1,0.0,0.0,0,0,1,0,1,matched,Eukaryota,1,100.0,62.0,0.016
Pelobiontida_X,2682475,34,67,0.05,0.02,1,1,0.0,0.0,0,0,1,0,1,matched,Eukaryota,1,100.0,34.0,0.029
Gregarinidae,35088,130,692,0.18,0.17,1,1,0.0,0.0,0,0,1,0,1,matched,Eukaryota,1,100.0,130.0,0.008
Aphelidiaceae,2689233,12,17,0.02,0.0,1,1,0.0,0.0,0,0,1,0,1,matched,Eukaryota,1,100.0,12.0,0.083
Embryophyceae_XX,N/A,2248,16076,3.17,4.01,0,0,0.0,0.0,0,0,0,0,0,census_only,Unknown,0,0.0,inf,0.0
Gyrista.U.family,N/A,833,3060,1.17,0.76,0,0,0.0,0.0,0,0,0,0,0,census_only,Unknown,0,0.0,inf,0.0
Dino-Group-II.U.family,N/A,657,2568,0.93,0.64,0,0,0.0,0.0,0,0,0,0,0,census_only,Unknown,0,0.0,inf,0.0
Sandonidae,2586441,645,3733,0.91,0.93,0,0,0.0,0.0,0,0,0,0,0,census_only,Unknown,0,0.0,inf,0.0
Dino-Group-II-Clade-7,N/A,547,1828,0.77,0.46,0,0,0.0,0.0,0,0,0,0,0,census_only,Unknown,0,0.0,inf,0.0
TSAR.U.family,N/A,509,1675,0.72,0.42,0,0,0.0,0.0,0,0,0,0,0,census_only,Unknown,0,0.0,inf,0.0
Hartmannellidae,5776,472,2106,0.67,0.52,0,0,0.0,0.0,0,0,0,0,0,census_only,Unknown,0,0.0,inf,0.0
Thoracosphaeraceae,1691972,468,2008,0.66,0.5,0,0,0.0,0.0,0,0,0,0,0,census_only,Unknown,0,0.0,inf,0.0
Petalomonadida.U.family,2570648,422,1103,0.6,0.27,0,0,0.0,0.0,0,0,0,0,0,census_only,Unknown,0,0.0,inf,0.0
Dino-Group-II-Clade-10-and-11,N/A,415,1595,0.59,0.4,0,0,0.0,0.0,0,0,0,0,0,census_only,Unknown,0,0.0,inf,0.0
Polycystinea.U.family,65582,391,4253,0.55,1.06,0,0,0.0,0.0,0,0,0,0,0,census_only,Unknown,0,0.0,inf,0.0
Archaeplastida.U.family,N/A,342,1480,0.48,0.37,0,0,0.0,0.0,0,0,0,0,0,census_only,Unknown,0,0.0,inf,0.0
Craniata_X.U.family,89593 Craniata,326,2470,0.46,0.62,0,0,0.0,0.0,0,0,0,0,0,census_only,Unknown,0,0.0,inf,0.0
Vampyrellida.U.family,1367446,315,1110,0.44,0.28,0,0,0.0,0.0,0,0,0,0,0,census_only,Unknown,0,0.0,inf,0.0
Maxillopoda,N/A,290,3923,0.41,0.98,0,0,0.0,0.0,0,0,0,0,0,census_only,Unknown,0,0.0,inf,0.0
Dino-Group-II-Clade-6,N/A,286,4127,0.4,1.03,0,0,0.0,0.0,0,0,0,0,0,census_only,Unknown,0,0.0,inf,0.0
Radiolaria.U.family,65574 Radiolaria,272,1717,0.38,0.43,0,0,0.0,0.0,0,0,0,0,0,census_only,Unknown,0,0.0,inf,0.0
Dileptidae,1652550,253,2935,0.36,0.73,0,0,0.0,0.0,0,0,0,0,0,census_only,Unknown,0,0.0,inf,0.0
Scytomonadidae,2570650,240,549,0.34,0.14,0,0,0.0,0.0,0,0,0,0,0,census_only,Unknown,0,0.0,inf,0.0
Nassellaria.U.family,278980,209,918,0.29,0.23,0,0,0.0,0.0,0,0,0,0,0,census_only,Unknown,0,0.0,inf,0.0
Acantharea_3a,65574,208,1225,0.29,0.31,0,0,0.0,0.0,0,0,0,0,0,census_only,Unknown,0,0.0,inf,0.0
Dino-Group-I.U.family,N/A,197,907,0.28,0.23,0,0,0.0,0.0,0,0,0,0,0,census_only,Unknown,0,0.0,inf,0.0
Flamellidae.U.family,2605335,197,567,0.28,0.14,0,0,0.0,0.0,0,0,0,0,0,census_only,Unknown,0,0.0,inf,0.0
Dino-Group-I-Clade-5,N/A,196,1050,0.28,0.26,0,0,0.0,0.0,0,0,0,0,0,census_only,Unknown,0,0.0,inf,0.0
Eupetalomonads_X,N/A,192,534,0.27,0.13,0,0,0.0,0.0,0,0,0,0,0,census_only,Unknown,0,0.0,inf,0.0
Phyllopharyngea.U.family,37471,186,686,0.26,0.17,0,0,0.0,0.0,0,0,0,0,0,census_only,Unknown,0,0.0,inf,0.0
Dino-Group-I-Clade-4,N/A,182,1189,0.26,0.3,0,0,0.0,0.0,0,0,0,0,0,census_only,Unknown,0,0.0,inf,0.0
Sessilida,1974272,174,1759,0.25,0.44,0,0,0.0,0.0,0,0,0,0,0,census_only,Unknown,0,0.0,inf,0.0
WIM80-lineage,N/A,173,656,0.24,0.16,0,0,0.0,0.0,0,0,0,0,0,census_only,Unknown,0,0.0,inf,0.0
Actinocephalidae,650287,172,567,0.24,0.14,0,0,0.0,0.0,0,0,0,0,0,census_only,Unknown,0,0.0,inf,0.0
Cercomonadidae,45108,154,294,0.22,0.07,0,0,0.0,0.0,0,0,0,0,0,census_only,Unknown,0,0.0,inf,0.0
Turbellaria.U.family,166384,153,634,0.22,0.16,0,0,0.0,0.0,0,0,0,0,0,census_only,Unknown,0,0.0,inf,0.0
Centroplasthelida_X.U.family,193537,151,475,0.21,0.12,0,0,0.0,0.0,0,0,0,0,0,census_only,Unknown,0,0.0,inf,0.0
Difflugina,2681634,151,397,0.21,0.1,0,0,0.0,0.0,0,0,0,0,0,census_only,Unknown,0,0.0,inf,0.0
Nolandellidae,N/A,142,405,0.2,0.1,0,0,0.0,0.0,0,0,0,0,0,census_only,Unknown,0,0.0,inf,0.0
Rhogostoma-lineage,981201,134,853,0.19,0.21,0,0,0.0,0.0,0,0,0,0,0,census_only,Unknown,0,0.0,inf,0.0
Schizoplasmodiidae,2681886,124,320,0.17,0.08,0,0,0.0,0.0,0,0,0,0,0,census_only,Unknown,0,0.0,inf,0.0
Dino-Group-I-Clade-1,N/A,116,2072,0.16,0.52,0,0,0.0,0.0,0,0,0,0,0,census_only,Unknown,0,0.0,inf,0.0
Psalteriomonadidae,1129782,108,544,0.15,0.14,0,0,0.0,0.0,0,0,0,0,0,census_only,Unknown,0,0.0,inf,0.0
Dino-Group-II-Clade-3,N/A,92,284,0.13,0.07,0,0,0.0,0.0,0,0,0,0,0,census_only,Unknown,0,0.0,inf,0.0
Thaumatomonadida.U.family,188944,88,597,0.12,0.15,0,0,0.0,0.0,0,0,0,0,0,census_only,Unknown,0,0.0,inf,0.0
Euamoebida.U.family,180229,86,246,0.12,0.06,0,0,0.0,0.0,0,0,0,0,0,census_only,Unknown,0,0.0,inf,0.0
Suctoria_X,39462,83,403,0.12,0.1,0,0,0.0,0.0,0,0,0,0,0,census_only,Unknown,0,0.0,inf,0.0
Endostelium-lineage,668361,82,179,0.12,0.04,0,0,0.0,0.0,0,0,0,0,0,census_only,Unknown,0,0.0,inf,0.0
Dino-Group-II-Clade-1,N/A,80,328,0.11,0.08,0,0,0.0,0.0,0,0,0,0,0,census_only,Unknown,0,0.0,inf,0.0
Cyclotrichium_like_organism_XX,696132 Cyclotrichium,79,227,0.11,0.06,0,0,0.0,0.0,0,0,0,0,0,census_only,Unknown,0,0.0,inf,0.0
Rigifilida_XXXX,1237875,79,246,0.11,0.06,0,0,0.0,0.0,0,0,0,0,0,census_only,Unknown,0,0.0,inf,0.0
Arcellinida.U.family,318493,75,271,0.11,0.07,0,0,0.0,0.0,0,0,0,0,0,census_only,Unknown,0,0.0,inf,0.0
AND16-lineage,N/A,75,194,0.11,0.05,0,0,0.0,0.0,0,0,0,0,0,census_only,Unknown,0,0.0,inf,0.0
Flamella-lineage,490353,62,262,0.09,0.07,0,0,0.0,0.0,0,0,0,0,0,census_only,Unknown,0,0.0,inf,0.0
Phryganellina,318517,62,148,0.09,0.04,0,0,0.0,0.0,0,0,0,0,0,census_only,Unknown,0,0.0,inf,0.0
Coccidiomorphea.U.family,N/A,61,404,0.09,0.1,0,0,0.0,0.0,0,0,0,0,0,census_only,Unknown,0,0.0,inf,0.0
LOS7N/I-lineage,N/A,60,299,0.08,0.07,0,0,0.0,0.0,0,0,0,0,0,census_only,Unknown,0,0.0,inf,0.0
Archamoebea.U.family,N/A,58,216,0.08,0.05,0,0,0.0,0.0,0,0,0,0,0,census_only,Unknown,0,0.0,inf,0.0
Bicoecaceae,238883,57,469,0.08,0.12,0,0,0.0,0.0,0,0,0,0,0,census_only,Unknown,0,0.0,inf,0.0
Ulvales-relatives_X,N/A,55,176,0.08,0.04,0,0,0.0,0.0,0,0,0,0,0,census_only,Unknown,0,0.0,inf,0.0
Peritrichia_2.U.family,6021,53,322,0.07,0.08,0,0,0.0,0.0,0,0,0,0,0,census_only,Unknown,0,0.0,inf,0.0
Picomonadidae,1315717,51,366,0.07,0.09,0,0,0.0,0.0,0,0,0,0,0,census_only,Unknown,0,0.0,inf,0.0
Sey055-lineage,N/A,50,123,0.07,0.03,0,0,0.0,0.0,0,0,0,0,0,census_only,Unknown,0,0.0,inf,0.0
Mariager-Fjord-lineage,N/A,50,198,0.07,0.05,0,0,0.0,0.0,0,0,0,0,0,census_only,Unknown,0,0.0,inf,0.0
NPK2-lineage,N/A,48,137,0.07,0.03,0,0,0.0,0.0,0,0,0,0,0,census_only,Unknown,0,0.0,inf,0.0
Protaspa-lineage,1938521,48,92,0.07,0.02,0,0,0.0,0.0,0,0,0,0,0,census_only,Unknown,0,0.0,inf,0.0
Mb5C-lineage,N/A,46,111,0.06,0.03,0,0,0.0,0.0,0,0,0,0,0,census_only,Unknown,0,0.0,inf,0.0
Vermamoebidae,N/A,46,155,0.06,0.04,0,0,0.0,0.0,0,0,0,0,0,census_only,Unknown,0,0.0,inf,0.0
Peronosporomycetes_X.U.family,N/A,44,130,0.06,0.03,0,0,0.0,0.0,0,0,0,0,0,census_only,Unknown,0,0.0,inf,0.0
Neobodonidae,N/A,43,74,0.06,0.02,0,0,0.0,0.0,0,0,0,0,0,census_only,Unknown,0,0.0,inf,0.0
Novel-Gran-6,N/A,42,142,0.06,0.04,0,0,0.0,0.0,0,0,0,0,0,census_only,Unknown,0,0.0,inf,0.0
Collophidiidae,1656265,42,87,0.06,0.02,0,0,0.0,0.0,0,0,0,0,0,census_only,Unknown,0,0.0,inf,0.0
Pseudocolliniidae,1416935,40,96,0.06,0.02,0,0,0.0,0.0,0,0,0,0,0,census_only,Unknown,0,0.0,inf,0.0
Novel-clade-10_X,N/A,38,48,0.05,0.01,0,0,0.0,0.0,0,0,0,0,0,census_only,Unknown,0,0.0,inf,0.0
Urotrichidae,457377,38,128,0.05,0.03,0,0,0.0,0.0,0,0,0,0,0,census_only,Unknown,0,0.0,inf,0.0
Acinetidae_2,239359,37,104,0.05,0.03,0,0,0.0,0.0,0,0,0,0,0,census_only,Unknown,0,0.0,inf,0.0
Stygamoebida_XX,1485089,37,120,0.05,0.03,0,0,0.0,0.0,0,0,0,0,0,census_only,Unknown,0,0.0,inf,0.0
Suctoria.U.family,39462,36,87,0.05,0.02,0,0,0.0,0.0,0,0,0,0,0,census_only,Unknown,0,0.0,inf,0.0
Amoebidae,35218,35,66,0.05,0.02,0,0,0.0,0.0,0,0,0,0,0,census_only,Unknown,0,0.0,inf,0.0
Filoretidae_X,N/A,34,52,0.05,0.01,0,0,0.0,0.0,0,0,0,0,0,census_only,Unknown,0,0.0,inf,0.0
Filosa-Thecofilosea.U.family,N/A,33,84,0.05,0.02,0,0,0.0,0.0,0,0,0,0,0,census_only,Unknown,0,0.0,inf,0.0
Tokophryidae,168137,33,176,0.05,0.04,0,0,0.0,0.0,0,0,0,0,0,census_only,Unknown,0,0.0,inf,0.0
Gromiidae,35215,33,56,0.05,0.01,0,0,0.0,0.0,0,0,0,0,0,census_only,Unknown,0,0.0,inf,0.0
Filosa-Sarcomonadea.U.family,N/A,31,82,0.04,0.02,0,0,0.0,0.0,0,0,0,0,0,census_only,Unknown,0,0.0,inf,0.0
Arcellinida_X,318493,30,151,0.04,0.04,0,0,0.0,0.0,0,0,0,0,0,census_only,Unknown,0,0.0,inf,0.0
Elardia.U.family,2681632,28,49,0.04,0.01,0,0,0.0,0.0,0,0,0,0,0,census_only,Unknown,0,0.0,inf,0.0
Paradinidae,N/A,27,43,0.04,0.01,0,0,0.0,0.0,0,0,0,0,0,census_only,Unknown,0,0.0,inf,0.0
Tholoniidae,N/A,26,77,0.04,0.02,0,0,0.0,0.0,0,0,0,0,0,census_only,Unknown,0,0.0,inf,0.0
Dysteriidae,238903,25,115,0.04,0.03,0,0,0.0,0.0,0,0,0,0,0,census_only,Unknown,0,0.0,inf,0.0
Distigmidae,2704119,24,188,0.03,0.05,0,0,0.0,0.0,0,0,0,0,0,census_only,Unknown,0,0.0,inf,0.0
NC12A-lineage,N/A,22,45,0.03,0.01,0,0,0.0,0.0,0,0,0,0,0,census_only,Unknown,0,0.0,inf,0.0
Glissomonadida.U.family,1238681,21,102,0.03,0.03,0,0,0.0,0.0,0,0,0,0,0,census_only,Unknown,0,0.0,inf,0.0
Rhabdocoela,27901,21,58,0.03,0.01,0,0,0.0,0.0,0,0,0,0,0,census_only,Unknown,0,0.0,inf,0.0
Spironemidae,2027449,20,81,0.03,0.02,0,0,0.0,0.0,0,0,0,0,0,census_only,Unknown,0,0.0,inf,0.0
Stylocephalidae,650329,20,39,0.03,0.01,0,0,0.0,0.0,0,0,0,0,0,census_only,Unknown,0,0.0,inf,0.0
Ophryoglenida,N/A,19,444,0.03,0.11,0,0,0.0,0.0,0,0,0,0,0,census_only,Unknown,0,0.0,inf,0.0
Xcellidae,2759735,19,22,0.03,0.01,0,0,0.0,0.0,0,0,0,0,0,census_only,Unknown,0,0.0,inf,0.0
Dino-Group-II-Clade-14,N/A,19,51,0.03,0.01,0,0,0.0,0.0,0,0,0,0,0,census_only,Unknown,0,0.0,inf,0.0
Centroplasthelida_XXXX,193537,19,25,0.03,0.01,0,0,0.0,0.0,0,0,0,0,0,census_only,Unknown,0,0.0,inf,0.0
Lagynidae,212497,18,66,0.03,0.02,0,0,0.0,0.0,0,0,0,0,0,census_only,Unknown,0,0.0,inf,0.0
Dino-Group-II-Clade-21,N/A,17,78,0.02,0.02,0,0,0.0,0.0,0,0,0,0,0,census_only,Unknown,0,0.0,inf,0.0
Diplophrydaceae,N/A,17,26,0.02,0.01,0,0,0.0,0.0,0,0,0,0,0,census_only,Unknown,0,0.0,inf,0.0
Amphitraemidae,1287649,16,60,0.02,0.01,0,0,0.0,0.0,0,0,0,0,0,census_only,Unknown,0,0.0,inf,0.0
Gregarinomorphea.U.family,N/A,15,80,0.02,0.02,0,0,0.0,0.0,0,0,0,0,0,census_only,Unknown,0,0.0,inf,0.0
MAST-12,N/A,15,27,0.02,0.01,0,0,0.0,0.0,0,0,0,0,0,census_only,Unknown,0,0.0,inf,0.0
Allobodonidae,N/A,14,30,0.02,0.01,0,0,0.0,0.0,0,0,0,0,0,census_only,Unknown,0,0.0,inf,0.0
OLIGO2,N/A,13,158,0.02,0.04,0,0,0.0,0.0,0,0,0,0,0,census_only,Unknown,0,0.0,inf,0.0
Chytridiomycetaceae,N/A,12,82,0.02,0.02,0,0,0.0,0.0,0,0,0,0,0,census_only,Unknown,0,0.0,inf,0.0
Dino-Group-II_X,N/A,12,29,0.02,0.01,0,0,0.0,0.0,0,0,0,0,0,census_only,Unknown,0,0.0,inf,0.0
Prolecithophora,79788,12,25,0.02,0.01,0,0,0.0,0.0,0,0,0,0,0,census_only,Unknown,0,0.0,inf,0.0
Nucleariidae_Nuclearia_2,154966,11,30,0.02,0.01,0,0,0.0,0.0,0,0,0,0,0,census_only,Unknown,0,0.0,inf,0.0
Pterocystida_XX,2607628,10,24,0.01,0.01,0,0,0.0,0.0,0,0,0,0,0,census_only,Unknown,0,0.0,inf,0.0
Reophacidae,1482317,10,34,0.01,0.01,0,0,0.0,0.0,0,0,0,0,0,census_only,Unknown,0,0.0,inf,0.0
Vampyrellidae,325674,10,18,0.01,0.0,0,0,0.0,0.0,0,0,0,0,0,census_only,Unknown,0,0.0,inf,0.0
Evaginogenida,163659,9,17,0.01,0.0,0,0,0.0,0.0,0,0,0,0,0,census_only,Unknown,0,0.0,inf,0.0
Ventrifissuridae,1938506,9,9,0.01,0.0,0,0,0.0,0.0,0,0,0,0,0,census_only,Unknown,0,0.0,inf,0.0
Thaumatomonadidae,45098,8,9,0.01,0.0,0,0,0.0,0.0,0,0,0,0,0,census_only,Unknown,0,0.0,inf,0.0
LKM74-lineage,N/A,8,10,0.01,0.0,0,0,0.0,0.0,0,0,0,0,0,census_only,Unknown,0,0.0,inf,0.0
Eimeriida.U.family,N/A,6,20,0.01,0.0,0,0,0.0,0.0,0,0,0,0,0,census_only,Unknown,0,0.0,inf,0.0
ARMOP1,N/A,6,9,0.01,0.0,0,0,0.0,0.0,0,0,0,0,0,census_only,Unknown,0,0.0,inf,0.0
Choanocystidae,N/A,5,6,0.01,0.0,0,0,0.0,0.0,0,0,0,0,0,census_only,Unknown,0,0.0,inf,0.0
Leptomyxidae,66525,5,6,0.01,0.0,0,0,0.0,0.0,0,0,0,0,0,census_only,Unknown,0,0.0,inf,0.0
Novel-Clade-4,N/A,5,6,0.01,0.0,0,0,0.0,0.0,0,0,0,0,0,census_only,Unknown,0,0.0,inf,0.0
Nucleohelea,N/A,5,14,0.01,0.0,0,0,0.0,0.0,0,0,0,0,0,census_only,Unknown,0,0.0,inf,0.0
Cryomonadida.U.family,589444,5,7,0.01,0.0,0,0,0.0,0.0,0,0,0,0,0,census_only,Unknown,0,0.0,inf,0.0
OLIGO5_X,N/A,4,4,0.01,0.0,0,0,0.0,0.0,0,0,0,0,0,census_only,Unknown,0,0.0,inf,0.0
Rhynchomonadidae,2728145,4,14,0.01,0.0,0,0,0.0,0.0,0,0,0,0,0,census_only,Unknown,0,0.0,inf,0.0
Paradinida_X,N/A,4,5,0.01,0.0,0,0,0.0,0.0,0,0,0,0,0,census_only,Unknown,0,0.0,inf,0.0
Paracercomonadidae,N/A,4,4,0.01,0.0,0,0,0.0,0.0,0,0,0,0,0,census_only,Unknown,0,0.0,inf,0.0
Mataza-lineage,1004929,4,5,0.01,0.0,0,0,0.0,0.0,0,0,0,0,0,census_only,Unknown,0,0.0,inf,0.0
CCW10-lineage,N/A,4,6,0.01,0.0,0,0,0.0,0.0,0,0,0,0,0,census_only,Unknown,0,0.0,inf,0.0
Allapsidae,2607627,4,6,0.01,0.0,0,0,0.0,0.0,0,0,0,0,0,census_only,Unknown,0,0.0,inf,0.0
Limnofilidae,1938435,4,6,0.01,0.0,0,0,0.0,0.0,0,0,0,0,0,census_only,Unknown,0,0.0,inf,0.0
MAST-3,N/A,3,7,0.0,0.0,0,0,0.0,0.0,0,0,0,0,0,census_only,Unknown,0,0.0,inf,0.0
Rhizophydiaceae,451449,3,45,0.0,0.01,0,0,0.0,0.0,0,0,0,0,0,census_only,Unknown,0,0.0,inf,0.0
Nibbleridae,3004210,3,11,0.0,0.0,0,0,0.0,0.0,0,0,0,0,0,census_only,Unknown,0,0.0,inf,0.0
NC12B-lineage,N/A,3,11,0.0,0.0,0,0,0.0,0.0,0,0,0,0,0,census_only,Unknown,0,0.0,inf,0.0
Filosa-Thecofilosea_XX,1004930,3,4,0.0,0.0,0,0,0.0,0.0,0,0,0,0,0,census_only,Unknown,0,0.0,inf,0.0
Hartmannulidae,247151,3,6,0.0,0.0,0,0,0.0,0.0,0,0,0,0,0,census_only,Unknown,0,0.0,inf,0.0
Adeleidae,203140,3,3,0.0,0.0,0,0,0.0,0.0,0,0,0,0,0,census_only,Unknown,0,0.0,inf,0.0
Acanthopodida.U.family,N/A,3,3,0.0,0.0,0,0,0.0,0.0,0,0,0,0,0,census_only,Unknown,0,0.0,inf,0.0
Ceratiaceae,39451,3,65,0.0,0.02,0,0,0.0,0.0,0,0,0,0,0,census_only,Unknown,0,0.0,inf,0.0
Glissomonadida_X,1238681,2,2,0.0,0.0,0,0,0.0,0.0,0,0,0,0,0,census_only,Unknown,0,0.0,inf,0.0
Thaumatomonadida_X,188944,2,2,0.0,0.0,0,0,0.0,0.0,0,0,0,0,0,census_only,Unknown,0,0.0,inf,0.0
Sphaerozoidae,65588,2,3,0.0,0.0,0,0,0.0,0.0,0,0,0,0,0,census_only,Unknown,0,0.0,inf,0.0
Cryothecomonas-lineage,151025,2,3,0.0,0.0,0,0,0.0,0.0,0,0,0,0,0,census_only,Unknown,0,0.0,inf,0.0
Corallicolidae,2828056,2,2,0.0,0.0,0,0,0.0,0.0,0,0,0,0,0,census_only,Unknown,0,0.0,inf,0.0
Alphamonaceae,2605703,2,10,0.0,0.0,0,0,0.0,0.0,0,0,0,0,0,census_only,Unknown,0,0.0,inf,0.0
Craniata_XX,89593 Craniata,1,1,0.0,0.0,0,0,0.0,0.0,0,0,0,0,0,census_only,Unknown,0,0.0,inf,0.0
Cryomonadida_X,589444,1,1,0.0,0.0,0,0,0.0,0.0,0,0,0,0,0,census_only,Unknown,0,0.0,inf,0.0
Echinamoebidae,136448,1,2,0.0,0.0,0,0,0.0,0.0,0,0,0,0,0,census_only,Unknown,0,0.0,inf,0.0
Haliphthorales,N/A,1,2,0.0,0.0,0,0,0.0,0.0,0,0,0,0,0,census_only,Unknown,0,0.0,inf,0.0
Massiteriidae,N/A,1,2,0.0,0.0,0,0,0.0,0.0,0,0,0,0,0,census_only,Unknown,0,0.0,inf,0.0
Nebulidae,3004452,1,3,0.0,0.0,0,0,0.0,0.0,0,0,0,0,0,census_only,Unknown,0,0.0,inf,0.0
Skeletonemaceae,N/A,1,1,0.0,0.0,0,0,0.0,0.0,0,0,0,0,0,census_only,Unknown,0,0.0,inf,0.0
