genus,census_taxid,census_otu_count,census_size_count,otu_percentage,size_percentage,ncbi_genome_count,ncbi_species_count,genome_pct_db,species_pct,direct_name_matches,direct_taxid_matches,hierarchical_taxid_matches,lineage_name_matches,total_matches,match_status,domain,isolate_count,isolate_percentage,novelty_factor,overrepresentation_factor
Eukaryota.U.genus,2759,9333,39360,13.16,9.81,59130,24211,100.0,100.0,0,0,24211,0,24211,matched,Eukaryota,57069,96.51,0.385,2.594
Opisthokonta.U.genus,33154,687,3638,0.97,0.91,48096,19894,81.34,82.17,0,0,19894,0,19894,matched,Eukaryota,46745,97.19,0.035,28.958
Metazoa.U.genus,33208,4480,25091,6.32,6.25,24478,12832,41.4,53.0,0,0,12832,0,12832,matched,Eukaryota,24291,99.24,0.349,2.864
Fungi_XXXX,4751,190,809,0.27,0.2,23592,7041,39.9,29.08,0,0,7041,0,7041,matched,Eukaryota,22429,95.07,0.027,37.058
Fungi.U.genus,4751,1112,2638,1.57,0.66,23592,7041,39.9,29.08,0,0,7041,0,7041,matched,Eukaryota,22429,95.07,0.158,6.332
Ascomycota.U.genus,4890,288,3632,0.41,0.9,19277,4926,32.6,20.35,0,0,4926,0,4926,matched,Eukaryota,18198,94.4,0.058,17.104
Pezizomycotina.U.genus,147538,987,5074,1.39,1.26,12730,3616,21.53,14.94,0,0,3616,0,3616,matched,Eukaryota,12083,94.92,0.273,3.664
Arthropoda.U.genus,6656,138,741,0.19,0.18,9744,5500,16.48,22.72,0,0,5500,0,5500,matched,Eukaryota,9662,99.16,0.025,39.855
Insecta.U.genus,50557,2513,16928,3.54,4.22,8796,4858,14.88,20.07,0,0,4858,0,4858,matched,Eukaryota,8739,99.35,0.517,1.933
Streptophyta_XXXXX,35493,4,23,0.01,0.01,7835,3043,13.25,12.57,0,0,3043,0,3043,matched,Eukaryota,7722,98.56,0.001,760.75
Saccharomycotina.U.genus,147537,259,3098,0.37,0.77,6396,1269,10.82,5.24,0,0,1269,0,1269,matched,Eukaryota,5980,93.5,0.204,4.9
Sordariomycetes.U.genus,147550,469,2392,0.66,0.6,5769,1506,9.76,6.22,0,0,1506,0,1506,matched,Eukaryota,5729,99.31,0.311,3.211
Mammalia_X,40674,72,159,0.1,0.04,4692,1050,7.94,4.34,0,0,1050,0,1050,matched,Eukaryota,4674,99.62,0.069,14.583
Mammalia.U.genus,40674,122,564,0.17,0.14,4692,1050,7.94,4.34,0,0,1050,0,1050,matched,Eukaryota,4674,99.62,0.116,8.607
Basidiomycota.U.genus,5204,32,88,0.05,0.02,3277,1567,5.54,6.47,0,0,1567,0,1567,matched,Eukaryota,3229,98.54,0.02,48.969
Eurotiomycetes.U.genus,147545,381,3580,0.54,0.89,3066,720,5.19,2.97,0,0,720,0,720,matched,Eukaryota,3007,98.08,0.529,1.89
Saccharomycetales.U.genus,4892,190,1145,0.27,0.29,2825,173,4.78,0.71,0,0,173,0,173,matched,Eukaryota,2770,98.05,1.098,0.911
Dothideomycetes.U.genus,147541,539,2447,0.76,0.61,2654,584,4.49,2.41,0,0,584,0,584,matched,Eukaryota,2628,99.02,0.923,1.083
Dothideomycetes_X,147541,56,240,0.08,0.06,2654,584,4.49,2.41,0,0,584,0,584,matched,Eukaryota,2628,99.02,0.096,10.429
Agaricomycotina.U.genus,5302,328,2666,0.46,0.66,2396,1320,4.05,5.45,0,0,1320,0,1320,matched,Eukaryota,2387,99.62,0.248,4.024
Saccharomyces,4930,13,969,0.02,0.24,1995,20,3.37,0.08,0,0,20,0,20,matched,Eukaryota,1987,99.6,0.65,1.538
Homo,9605,5,15,0.01,0.0,1941,1,3.28,0.0,0,0,1,0,1,matched,Eukaryota,1941,100.0,5.0,0.2
Gibberella,5506,466,4262,0.66,1.06,1935,270,3.27,1.12,0,0,270,0,270,matched,Eukaryota,1932,99.84,1.726,0.579
Agaricomycetes.U.genus,155619,665,4615,0.94,1.15,1799,1120,3.04,4.63,0,0,1120,0,1120,matched,Eukaryota,1796,99.83,0.594,1.684
Agaricomycetes_X,155619,8,27,0.01,0.01,1799,1120,3.04,4.63,0,0,1120,0,1120,matched,Eukaryota,1796,99.83,0.007,140.0
Aspergillus,5052,48,646,0.07,0.16,1515,265,2.56,1.09,0,0,265,0,265,matched,Eukaryota,1513,99.87,0.181,5.521
Stramenopiles_XXXXX,33634,5,8,0.01,0.0,1043,480,1.76,1.98,0,0,480,0,480,matched,Eukaryota,923,88.49,0.01,96.0
Stramenopiles.U.genus,33634,1038,7804,1.46,1.94,1043,480,1.76,1.98,0,0,480,0,480,matched,Eukaryota,923,88.49,2.163,0.462
Mollusca.U.genus,6447,353,2354,0.5,0.59,715,492,1.21,2.03,0,0,492,0,492,matched,Eukaryota,695,97.2,0.717,1.394
Nematoda.U.genus,6231,1163,5960,1.64,1.49,710,317,1.2,1.31,0,0,317,0,317,matched,Eukaryota,706,99.44,3.669,0.273
Penicillium,5073,100,2067,0.14,0.52,667,182,1.13,0.75,0,0,182,0,182,matched,Eukaryota,648,97.15,0.549,1.82
Chromadorea_X.U.genus,119089,282,791,0.4,0.2,658,287,1.11,1.19,0,0,287,0,287,matched,Eukaryota,654,99.39,0.983,1.018
Chromadorea_XX,119089,104,526,0.15,0.13,658,287,1.11,1.19,0,0,287,0,287,matched,Eukaryota,654,99.39,0.362,2.76
Alveolata.U.genus,33630,393,8253,0.55,2.06,658,219,1.11,0.9,0,0,219,0,219,matched,Eukaryota,639,97.11,1.795,0.557
Tremellomycetes_X,155616,27,282,0.04,0.07,593,196,1.0,0.81,0,0,196,0,196,matched,Eukaryota,587,98.99,0.138,7.259
Tremellomycetes.U.genus,155616,52,151,0.07,0.04,593,196,1.0,0.81,0,0,196,0,196,matched,Eukaryota,587,98.99,0.265,3.769
Lecanoromycetes.U.genus,147547,116,343,0.16,0.09,531,387,0.9,1.6,0,0,387,0,387,matched,Eukaryota,63,11.86,0.3,3.336
Chlorophyta_X.U.genus,3041,499,2267,0.7,0.56,518,245,0.88,1.01,0,0,245,0,245,matched,Eukaryota,349,67.37,2.037,0.491
Leotiomycetes.U.genus,147548,230,1747,0.32,0.44,429,232,0.73,0.96,0,0,232,0,232,matched,Eukaryota,423,98.6,0.991,1.009
Arabidopsis,3701,30,32,0.04,0.01,420,7,0.71,0.03,0,0,7,0,7,matched,Eukaryota,420,100.0,4.286,0.233
Arachnida.U.genus,6854,65,128,0.09,0.03,372,241,0.63,1.0,0,0,241,0,241,matched,Eukaryota,369,99.19,0.27,3.708
Ustilaginomycotina.U.genus,452284,43,1134,0.06,0.28,352,116,0.6,0.48,0,0,116,0,116,matched,Eukaryota,322,91.48,0.371,2.698
Colletotrichum,5455,10,15,0.01,0.0,348,105,0.59,0.43,0,0,105,0,105,matched,Eukaryota,347,99.71,0.095,10.5
Candida,5475,29,319,0.04,0.08,347,40,0.59,0.17,0,0,40,0,40,matched,Eukaryota,335,96.54,0.725,1.379
Anthozoa.U.genus,6101,248,2766,0.35,0.69,340,222,0.58,0.92,0,0,222,0,222,matched,Eukaryota,339,99.71,1.117,0.895
Euglenozoa.U.genus,33682,50,204,0.07,0.05,326,121,0.55,0.5,0,0,121,0,121,matched,Eukaryota,326,100.0,0.413,2.42
Peronosporales.U.genus,4776,4,45,0.01,0.01,318,106,0.54,0.44,0,0,106,0,106,matched,Eukaryota,318,100.0,0.038,26.5
Oryza,4527,1,29,0.0,0.01,311,23,0.53,0.09,0,0,23,0,23,matched,Eukaryota,311,100.0,0.043,23.0
Kinetoplastea_XXX,5653,90,230,0.13,0.06,309,112,0.52,0.46,0,0,112,0,112,matched,Eukaryota,309,100.0,0.804,1.244
Kinetoplastea_XX_MET8,5653,23,67,0.03,0.02,309,112,0.52,0.46,0,0,112,0,112,matched,Eukaryota,309,100.0,0.205,4.87
Kinetoplastea_XX_MET10,5653,37,72,0.05,0.02,309,112,0.52,0.46,0,0,112,0,112,matched,Eukaryota,309,100.0,0.33,3.027
Kinetoplastea.U.genus,5653,451,1621,0.64,0.4,309,112,0.52,0.46,0,0,112,0,112,matched,Eukaryota,309,100.0,4.027,0.248
Kinetoplastea_XX.U.genus,5653,25,45,0.04,0.01,309,112,0.52,0.46,0,0,112,0,112,matched,Eukaryota,309,100.0,0.223,4.48
Kinetoplastea_XX_MET3,5653,8,14,0.01,0.0,309,112,0.52,0.46,0,0,112,0,112,matched,Eukaryota,309,100.0,0.071,14.0
Crustacea.U.genus,6657,436,2433,0.61,0.61,295,178,0.5,0.74,0,0,178,0,178,matched,Eukaryota,274,92.88,2.449,0.408
Mucoromycotina.U.genus,451507,57,363,0.08,0.09,284,114,0.48,0.47,0,0,114,0,114,matched,Eukaryota,281,98.94,0.5,2.0
Mucoromycotina_XX,451507,8,8,0.01,0.0,284,114,0.48,0.47,0,0,114,0,114,matched,Eukaryota,281,98.94,0.07,14.25
Phytophthora,4783,67,1107,0.09,0.28,269,84,0.45,0.35,0,0,84,0,84,matched,Eukaryota,269,100.0,0.798,1.254
Zoopagomycota_XXX,1913638,18,43,0.03,0.01,217,192,0.37,0.79,0,0,192,0,192,matched,Eukaryota,215,99.08,0.094,10.667
Zoopagomycota_XX.U.genus,1913638,6,25,0.01,0.01,217,192,0.37,0.79,0,0,192,0,192,matched,Eukaryota,215,99.08,0.031,32.0
Zoopagomycota.U.genus,1913638,1,2,0.0,0.0,217,192,0.37,0.79,0,0,192,0,192,matched,Eukaryota,215,99.08,0.005,192.0
Neurospora,5140,13,243,0.02,0.06,197,34,0.33,0.14,0,0,34,0,34,matched,Eukaryota,197,100.0,0.382,2.615
Annelida_XX.U.genus,6340,40,202,0.06,0.05,191,126,0.32,0.52,0,0,126,0,126,matched,Eukaryota,189,98.95,0.317,3.15
Zea,4575,372,6252,0.52,1.56,190,2,0.32,0.01,0,0,2,0,2,matched,Eukaryota,190,100.0,186.0,0.005
Caenorhabditis,6237,57,495,0.08,0.12,177,49,0.3,0.2,0,0,49,0,49,matched,Eukaryota,177,100.0,1.163,0.86
Plasmodiidae.U.genus,1639119,45,167,0.06,0.04,176,26,0.3,0.11,0,0,26,0,26,matched,Eukaryota,176,100.0,1.731,0.578
Ciliophora.U.genus,5878,803,4342,1.13,1.08,162,80,0.27,0.33,0,0,80,0,80,matched,Eukaryota,150,92.59,10.037,0.1
Echinodermata_XXX,7586,48,349,0.07,0.09,161,106,0.27,0.44,0,0,106,0,106,matched,Eukaryota,161,100.0,0.453,2.208
Coemansia,4863,12,40,0.02,0.01,161,146,0.27,0.6,0,0,146,0,146,matched,Eukaryota,161,100.0,0.082,12.167
Platyhelminthes.U.genus,6157,851,2920,1.2,0.73,154,102,0.26,0.42,0,0,102,0,102,matched,Eukaryota,153,99.35,8.343,0.12
Chytridiomycota.U.genus,4761,530,1528,0.75,0.38,145,74,0.25,0.31,0,0,74,0,74,matched,Eukaryota,124,85.52,7.162,0.14
Chytridiomycota_XXX,4761,3,3,0.0,0.0,145,74,0.25,0.31,0,0,74,0,74,matched,Eukaryota,124,85.52,0.041,24.667
Taphrinomycotina.U.genus,451866,17,110,0.02,0.03,132,36,0.22,0.15,0,0,36,0,36,matched,Eukaryota,131,99.24,0.472,2.118
Bigyra.U.genus,2683628,30,244,0.04,0.06,124,42,0.21,0.17,0,0,42,0,42,matched,Eukaryota,56,45.16,0.714,1.4
Exophiala,5583,48,94,0.07,0.02,109,20,0.18,0.08,0,0,20,0,20,matched,Eukaryota,106,97.25,2.4,0.417
Rhizopus,4842,67,969,0.09,0.24,108,7,0.18,0.03,0,0,7,0,7,matched,Eukaryota,108,100.0,9.571,0.104
Chlorophyceae.U.genus,3166,10,62,0.01,0.02,106,74,0.18,0.31,0,0,74,0,74,matched,Eukaryota,100,94.34,0.135,7.4
Rotifera_XX.U.genus,10190,113,1652,0.16,0.41,104,23,0.18,0.09,0,0,23,0,23,matched,Eukaryota,88,84.62,4.913,0.204
Malassezia,55193,298,11722,0.42,2.92,104,21,0.18,0.09,0,0,21,0,21,matched,Eukaryota,93,89.42,14.19,0.07
Opalozoa.U.genus,2683629,218,1086,0.31,0.27,103,22,0.17,0.09,0,0,22,0,22,matched,Eukaryota,35,33.98,9.909,0.101
Amoebozoa.U.genus,554915,4214,15143,5.94,3.77,99,63,0.17,0.26,0,0,63,0,63,matched,Eukaryota,95,95.96,66.889,0.015
Schizosaccharomyces,4895,2,13,0.0,0.0,94,8,0.16,0.03,0,0,8,0,8,matched,Eukaryota,93,98.94,0.25,4.0
Debaryomyces,4958,1,1,0.0,0.0,94,15,0.16,0.06,0,0,15,0,15,matched,Eukaryota,44,46.81,0.067,15.0
Blastocystis,12967,72,618,0.1,0.15,91,15,0.15,0.06,0,0,15,0,15,matched,Eukaryota,25,27.47,4.8,0.208
Cryptosporidiidae.U.genus,35082,6,8,0.01,0.0,87,20,0.15,0.08,0,0,20,0,20,matched,Eukaryota,86,98.85,0.3,3.333
Cryptosporidium15,5806,3,3,0.0,0.0,87,20,0.15,0.08,0,0,20,0,20,matched,Eukaryota,86,98.85,0.15,6.667
Cryptosporidium13,5806,3,4,0.0,0.0,87,20,0.15,0.08,0,0,20,0,20,matched,Eukaryota,86,98.85,0.15,6.667
Cryptosporidium4,5806,2,2,0.0,0.0,87,20,0.15,0.08,0,0,20,0,20,matched,Eukaryota,86,98.85,0.1,10.0
Cryptosporidium1,5806,50,922,0.07,0.23,87,20,0.15,0.08,0,0,20,0,20,matched,Eukaryota,86,98.85,2.5,0.4
Chlorellales_X.U.genus,35460,255,2704,0.36,0.67,82,38,0.14,0.16,0,0,38,0,38,matched,Eukaryota,80,97.56,6.711,0.149
Trypanosoma,5690,85,824,0.12,0.21,82,23,0.14,0.09,0,0,23,0,23,matched,Eukaryota,82,100.0,3.696,0.271
Chlorellales_XX,35460,25,93,0.04,0.02,82,38,0.14,0.16,0,0,38,0,38,matched,Eukaryota,80,97.56,0.658,1.52
Zymoseptoria,1047167,16,52,0.02,0.01,79,6,0.13,0.02,0,0,6,0,6,matched,Eukaryota,79,100.0,2.667,0.375
Bathycoccus,41874,15,99,0.02,0.02,74,10,0.13,0.04,0,0,10,0,10,matched,Eukaryota,37,50.0,1.5,0.667
Oribatida,66551,16,24,0.02,0.01,73,65,0.12,0.27,0,0,65,0,65,matched,Eukaryota,71,97.26,0.246,4.062
Rhizaria.U.genus,543769,2,3,0.0,0.0,72,18,0.12,0.07,0,0,18,0,18,matched,Eukaryota,67,93.06,0.111,9.0
Pythium,4797,302,870,0.43,0.22,71,46,0.12,0.19,0,0,46,0,46,matched,Eukaryota,71,100.0,6.565,0.152
Chlamydomonadales_X.U.genus,3042,191,1360,0.27,0.34,70,44,0.12,0.18,0,0,44,0,44,matched,Eukaryota,66,94.29,4.341,0.23
Branchiopoda.U.genus,6658,100,673,0.14,0.17,60,28,0.1,0.12,0,0,28,0,28,matched,Eukaryota,53,88.33,3.571,0.28
Corynespora,59585,55,265,0.08,0.07,58,2,0.1,0.01,0,0,2,0,2,matched,Eukaryota,58,100.0,27.5,0.036
Plasmodium4,418103,4,6,0.01,0.0,52,10,0.09,0.04,0,0,10,0,10,matched,Eukaryota,52,100.0,0.4,2.5
Plasmodium1,418103,44,404,0.06,0.1,52,10,0.09,0.04,0,0,10,0,10,matched,Eukaryota,52,100.0,4.4,0.227
Plasmodium2,418103,10,35,0.01,0.01,52,10,0.09,0.04,0,0,10,0,10,matched,Eukaryota,52,100.0,1.0,1.0
Neocallimastigaceae.U.genus,29007,6,69,0.01,0.02,50,9,0.08,0.04,0,0,9,0,9,matched,Eukaryota,32,64.0,0.667,1.5
Neocallimastigomycota_XXX,451455,54,78,0.08,0.02,50,9,0.08,0.04,0,0,9,0,9,matched,Eukaryota,32,64.0,6.0,0.167
Bacillariophyceae_XXX,33849,8,29,0.01,0.01,50,34,0.08,0.14,0,0,34,0,34,matched,Eukaryota,41,82.0,0.235,4.25
Glycine,3846,85,1830,0.12,0.46,50,5,0.08,0.02,0,0,5,0,5,matched,Eukaryota,50,100.0,17.0,0.059
Dinoflagellata.U.genus,2864,22,28,0.03,0.01,48,33,0.08,0.14,0,0,33,0,33,matched,Eukaryota,48,100.0,0.667,1.5
Dinophyceae.U.genus,2864,1090,4487,1.54,1.12,48,33,0.08,0.14,0,0,33,0,33,matched,Eukaryota,48,100.0,33.03,0.03
Dinophyceae_XXX,2864,14,19,0.02,0.0,48,33,0.08,0.14,0,0,33,0,33,matched,Eukaryota,48,100.0,0.424,2.357
Thalassiosirales.U.genus,33847,53,222,0.07,0.06,45,34,0.08,0.14,0,0,34,0,34,matched,Eukaryota,38,84.44,1.559,0.642
Trichosporon,5552,42,252,0.06,0.06,44,13,0.07,0.05,0,0,13,0,13,matched,Eukaryota,43,97.73,3.231,0.31
Lipomyces,29828,3,6,0.0,0.0,44,19,0.07,0.08,0,0,19,0,19,matched,Eukaryota,44,100.0,0.158,6.333
Hexamitidae.U.genus,5739,484,3018,0.68,0.75,41,4,0.07,0.02,0,0,4,0,4,matched,Eukaryota,41,100.0,121.0,0.008
Rhizophagus,1129544,236,4813,0.33,1.2,41,7,0.07,0.03,0,0,7,0,7,matched,Eukaryota,41,100.0,33.714,0.03
Discosea_X.U.genus,555280,28,93,0.04,0.02,41,27,0.07,0.11,0,0,27,0,27,matched,Eukaryota,38,92.68,1.037,0.964
Neocallimastix,4756,3,4,0.0,0.0,40,3,0.07,0.01,0,0,3,0,3,matched,Eukaryota,28,70.0,1.0,1.0
Populus,3689,16,126,0.02,0.03,39,18,0.07,0.07,0,0,18,0,18,matched,Eukaryota,39,100.0,0.889,1.125
Oligohymenophorea.U.genus,6020,339,1781,0.48,0.44,38,19,0.06,0.08,0,0,19,0,19,matched,Eukaryota,37,97.37,17.842,0.056
Podospora,5144,6,12,0.01,0.0,38,13,0.06,0.05,0,0,13,0,13,matched,Eukaryota,38,100.0,0.462,2.167
Babesia6,5864,3,68,0.0,0.02,35,12,0.06,0.05,0,0,12,0,12,matched,Eukaryota,33,94.29,0.25,4.0
Sphaeropleales.U.genus,35491,56,214,0.08,0.05,35,29,0.06,0.12,0,0,29,0,29,matched,Eukaryota,33,94.29,1.931,0.518
Sphaeropleales_XX,35491,1,2,0.0,0.0,35,29,0.06,0.12,0,0,29,0,29,matched,Eukaryota,33,94.29,0.034,29.0
Babesiidae.U.genus,32594,20,90,0.03,0.02,35,12,0.06,0.05,0,0,12,0,12,matched,Eukaryota,33,94.29,1.667,0.6
Daphnia,6668,10,26,0.01,0.01,34,10,0.06,0.04,0,0,10,0,10,matched,Eukaryota,27,79.41,1.0,1.0
Mortierella,4855,6,6,0.01,0.0,34,20,0.06,0.08,0,0,20,0,20,matched,Eukaryota,34,100.0,0.3,3.333
Russula,5402,71,776,0.1,0.19,32,23,0.05,0.09,0,0,23,0,23,matched,Eukaryota,32,100.0,3.087,0.324
Acanthamoeba,5754,104,748,0.15,0.19,31,21,0.05,0.09,0,0,21,0,21,matched,Eukaryota,30,96.77,4.952,0.202
Acanthamoebidae_X,33677,16,22,0.02,0.01,31,21,0.05,0.09,0,0,21,0,21,matched,Eukaryota,30,96.77,0.762,1.312
Ostreococcus,70447,293,6432,0.41,1.6,30,12,0.05,0.05,0,0,12,0,12,matched,Eukaryota,9,30.0,24.417,0.041
Chlamydomonas,3052,23,107,0.03,0.03,30,17,0.05,0.07,0,0,17,0,17,matched,Eukaryota,30,100.0,1.353,0.739
Danio,7954,65,111,0.09,0.03,30,8,0.05,0.03,0,0,8,0,8,matched,Eukaryota,30,100.0,8.125,0.123
Eimeria1,5800,68,535,0.1,0.13,29,17,0.05,0.07,0,0,17,0,17,matched,Eukaryota,28,96.55,4.0,0.25
Phialophora,5600,15,31,0.02,0.01,28,6,0.05,0.02,0,0,6,0,6,matched,Eukaryota,28,100.0,2.5,0.4
Rhizophydiales_XX,451442,157,593,0.22,0.15,28,13,0.05,0.05,0,0,13,0,13,matched,Eukaryota,28,100.0,12.077,0.083
Apis,7459,236,762,0.33,0.19,28,6,0.05,0.02,0,0,6,0,6,matched,Eukaryota,28,100.0,39.333,0.025
Rhizophydiales.U.genus,451442,29,107,0.04,0.03,28,13,0.05,0.05,0,0,13,0,13,matched,Eukaryota,28,100.0,2.231,0.448
Heterodera,34509,228,2028,0.32,0.51,27,10,0.05,0.04,0,0,10,0,10,matched,Eukaryota,27,100.0,22.8,0.044
Tetramitia_I_XX,2601529,58,319,0.08,0.08,26,9,0.04,0.04,0,0,9,0,9,matched,Eukaryota,19,73.08,6.444,0.155
Tetramitia_I.U.genus,2601529,200,796,0.28,0.2,26,9,0.04,0.04,0,0,9,0,9,matched,Eukaryota,19,73.08,22.222,0.045
Schistosoma,6181,190,955,0.27,0.24,26,13,0.04,0.05,0,0,13,0,13,matched,Eukaryota,26,100.0,14.615,0.068
Chytridiales_XX,4810,1,5,0.0,0.0,26,22,0.04,0.09,0,0,22,0,22,matched,Eukaryota,26,100.0,0.045,22.0
Heterolobosea.U.genus,5752,896,4751,1.26,1.18,26,9,0.04,0.04,0,0,9,0,9,matched,Eukaryota,19,73.08,99.556,0.01
Sorghum,4558,1,2,0.0,0.0,26,1,0.04,0.0,0,1,0,0,1,matched,Eukaryota,26,100.0,1.0,1.0
Thalassiosira,35127,309,6048,0.44,1.51,22,18,0.04,0.07,0,0,18,0,18,matched,Eukaryota,18,81.82,17.167,0.058
Paramecium,5884,65,547,0.09,0.14,22,10,0.04,0.04,0,0,10,0,10,matched,Eukaryota,22,100.0,6.5,0.154
Labyrinthulomycetes.U.genus,35131,19,33,0.03,0.01,21,20,0.04,0.08,0,0,20,0,20,matched,Eukaryota,21,100.0,0.95,1.053
Pristionchus,54125,70,366,0.1,0.09,21,8,0.04,0.03,0,0,8,0,8,matched,Eukaryota,21,100.0,8.75,0.114
Rattus,10114,58,114,0.08,0.03,20,2,0.03,0.01,0,0,2,0,2,matched,Eukaryota,20,100.0,29.0,0.034
Mastigamoebida.U.genus,2682482,1,2,0.0,0.0,20,7,0.03,0.03,0,0,7,0,7,matched,Eukaryota,20,100.0,0.143,7.0
Nannochloropsis,5748,39,315,0.06,0.08,19,6,0.03,0.02,0,0,6,0,6,matched,Eukaryota,19,100.0,6.5,0.154
Coccidioides,5500,11,17,0.02,0.0,18,2,0.03,0.01,0,0,2,0,2,matched,Eukaryota,18,100.0,5.5,0.182
Batrachochytrium,100474,3,45,0.0,0.01,17,2,0.03,0.01,0,0,2,0,2,matched,Eukaryota,17,100.0,1.5,0.667
Cladophialophora,82105,1,6,0.0,0.0,17,9,0.03,0.04,0,0,9,0,9,matched,Eukaryota,17,100.0,0.111,9.0
Theileria1,5873,101,1221,0.14,0.3,17,7,0.03,0.03,0,0,7,0,7,matched,Eukaryota,17,100.0,14.429,0.069
Culex,53527,62,345,0.09,0.09,16,5,0.03,0.02,0,0,5,0,5,matched,Eukaryota,16,100.0,12.4,0.081
Skeletonema,2842,1,1,0.0,0.0,13,8,0.02,0.03,0,0,8,0,8,matched,Eukaryota,10,76.92,0.125,8.0
Taphrina,5010,17,80,0.02,0.02,13,9,0.02,0.04,0,0,9,0,9,matched,Eukaryota,13,100.0,1.889,0.529
Teratosphaeria,237584,29,32,0.04,0.01,13,8,0.02,0.03,0,0,8,0,8,matched,Eukaryota,12,92.31,3.625,0.276
Lecanicillium,291363,225,1334,0.32,0.33,12,7,0.02,0.03,0,0,7,0,7,matched,Eukaryota,12,100.0,32.143,0.031
Mrakia,29901,11,95,0.02,0.02,12,8,0.02,0.03,0,0,8,0,8,matched,Eukaryota,12,100.0,1.375,0.727
Ectocarpus,2879,77,666,0.11,0.17,12,9,0.02,0.04,0,0,9,0,9,matched,Eukaryota,12,100.0,8.556,0.117
Anolis,28376,4,42,0.01,0.01,11,8,0.02,0.03,0,0,8,0,8,matched,Eukaryota,8,72.73,0.5,2.0
Bicoecea_XXX,33651,7,9,0.01,0.0,11,6,0.02,0.02,0,0,6,0,6,matched,Eukaryota,9,81.82,1.167,0.857
Bicoecea.U.genus,33651,280,1227,0.39,0.31,11,6,0.02,0.02,0,0,6,0,6,matched,Eukaryota,9,81.82,46.667,0.021
Auxenochlorella,191392,23,524,0.03,0.13,11,4,0.02,0.02,0,0,4,0,4,matched,Eukaryota,11,100.0,5.75,0.174
Blastocladiomycetes.U.genus,451460,3,4,0.0,0.0,10,8,0.02,0.03,0,0,8,0,8,matched,Eukaryota,10,100.0,0.375,2.667
Ditylenchus,166009,4,4,0.01,0.0,9,3,0.02,0.01,0,0,3,0,3,matched,Eukaryota,9,100.0,1.333,0.75
Perkinsida_XXX,27998,221,1396,0.31,0.35,9,4,0.02,0.02,0,0,4,0,4,matched,Eukaryota,9,100.0,55.25,0.018
Perkinsida_X.U.genus,27998,29,74,0.04,0.02,9,4,0.02,0.02,0,0,4,0,4,matched,Eukaryota,9,100.0,7.25,0.138
Ichthyophonida_XXX,198625,6,11,0.01,0.0,8,6,0.01,0.02,0,0,6,0,6,matched,Eukaryota,8,100.0,1.0,1.0
Brachypodium,15367,7,18,0.01,0.0,8,4,0.01,0.02,0,0,4,0,4,matched,Eukaryota,8,100.0,1.75,0.571
Chrysaora,6147,13,32,0.02,0.01,7,5,0.01,0.02,0,0,5,0,5,matched,Eukaryota,7,100.0,2.6,0.385
Piromyces,4821,1,6,0.0,0.0,7,3,0.01,0.01,0,0,3,0,3,matched,Eukaryota,2,28.57,0.333,3.0
Cercozoa.U.genus,136419,1152,3275,1.62,0.82,7,5,0.01,0.02,0,0,5,0,5,matched,Eukaryota,6,85.71,230.4,0.004
Cercozoa_XXXX,136419,12,21,0.02,0.01,7,5,0.01,0.02,0,0,5,0,5,matched,Eukaryota,6,85.71,2.4,0.417
Smittium,4888,60,247,0.08,0.06,7,6,0.01,0.02,0,0,6,0,6,matched,Eukaryota,7,100.0,10.0,0.1
Chloropicon,2302914,15,50,0.02,0.01,7,4,0.01,0.02,0,0,4,0,4,matched,Eukaryota,7,100.0,3.75,0.267
Conus,6490,45,225,0.06,0.06,6,6,0.01,0.02,0,0,6,0,6,matched,Eukaryota,6,100.0,7.5,0.133
Xenopus,262014,5,9,0.01,0.0,6,4,0.01,0.02,0,0,4,0,4,matched,Eukaryota,6,100.0,1.25,0.8
Crassostrea,6564,13,29,0.02,0.01,6,4,0.01,0.02,0,0,4,0,4,matched,Eukaryota,6,100.0,3.25,0.308
Hyaloscypha,47747,40,131,0.06,0.03,6,5,0.01,0.02,0,0,5,0,5,matched,Eukaryota,6,100.0,8.0,0.125
Endomyxa-Ascetosporea_XXX,1871466,4,8,0.01,0.0,6,6,0.01,0.02,0,0,6,0,6,matched,Eukaryota,4,66.67,0.667,1.5
Cafeteria,33652,18,75,0.03,0.02,6,2,0.01,0.01,0,0,2,0,2,matched,Eukaryota,5,83.33,9.0,0.111
Ulva,3118,55,176,0.08,0.04,6,4,0.01,0.02,0,0,4,0,4,matched,Eukaryota,6,100.0,13.75,0.073
Euglenida.U.genus,3035,1526,5350,2.15,1.33,5,3,0.01,0.01,0,0,3,0,3,matched,Eukaryota,5,100.0,508.667,0.002
Phytomonas,5706,3,7,0.0,0.0,5,4,0.01,0.02,0,0,4,0,4,matched,Eukaryota,5,100.0,0.75,1.333
Aureococcus,44055,36,182,0.05,0.05,5,1,0.01,0.0,0,0,1,0,1,matched,Eukaryota,5,100.0,36.0,0.028
Strigomonas,1003010,6,30,0.01,0.01,4,3,0.01,0.01,0,0,3,0,3,matched,Eukaryota,4,100.0,2.0,0.5
Cyanidioschyzon,45156,2,21,0.0,0.01,4,1,0.01,0.0,0,0,1,0,1,matched,Eukaryota,4,100.0,2.0,0.5
Chlorociboria,54692,56,565,0.08,0.14,4,2,0.01,0.01,0,0,2,0,2,matched,Eukaryota,4,100.0,28.0,0.036
Micractinium,126838,2,10,0.0,0.0,4,4,0.01,0.02,0,0,4,0,4,matched,Eukaryota,4,100.0,0.5,2.0
Nematostella,45350,14,36,0.02,0.01,4,1,0.01,0.0,0,0,1,0,1,matched,Eukaryota,4,100.0,14.0,0.071
Phaeosphaeria,55067,172,1177,0.24,0.29,3,3,0.01,0.01,0,0,3,0,3,matched,Eukaryota,3,100.0,57.333,0.017
Foraminifera.U.genus,29178,322,2196,0.45,0.55,3,3,0.01,0.01,0,0,3,0,3,matched,Eukaryota,2,66.67,107.333,0.009
Allomyces,28581,16,114,0.02,0.03,3,3,0.01,0.01,0,0,3,0,3,matched,Eukaryota,3,100.0,5.333,0.188
Botryococcus,38880,5,8,0.01,0.0,3,1,0.01,0.0,0,0,1,0,1,matched,Eukaryota,3,100.0,5.0,0.2
Paramoeba,200890,20,31,0.03,0.01,3,2,0.01,0.01,0,0,2,0,2,matched,Eukaryota,3,100.0,10.0,0.1
Monoraphidium,34111,1,1,0.0,0.0,3,3,0.01,0.01,0,0,3,0,3,matched,Eukaryota,2,66.67,0.333,3.0
Eurytemora,88014,21,89,0.03,0.02,3,3,0.01,0.01,0,0,3,0,3,matched,Eukaryota,3,100.0,7.0,0.143
Venturia,92443,4,4,0.01,0.0,3,1,0.01,0.0,0,0,1,0,1,matched,Eukaryota,3,100.0,4.0,0.25
Colpodellida_CHR1_X,877183,18,70,0.03,0.02,3,2,0.01,0.01,0,0,2,0,2,matched,Eukaryota,3,100.0,9.0,0.111
Panellus,5635,2,3,0.0,0.0,3,2,0.01,0.01,0,0,2,0,2,matched,Eukaryota,3,100.0,1.0,1.0
Rozellomycota_XXX,1031332,268,757,0.38,0.19,3,2,0.01,0.01,0,0,2,0,2,matched,Eukaryota,3,100.0,134.0,0.007
Coelomomyces,143959,10,29,0.01,0.01,3,1,0.01,0.0,0,0,1,0,1,matched,Eukaryota,3,100.0,10.0,0.1
Rhizoclosmatium,109967,12,82,0.02,0.02,3,3,0.01,0.01,0,0,3,0,3,matched,Eukaryota,3,100.0,4.0,0.25
Acyrthosiphon,7028,49,436,0.07,0.11,3,2,0.01,0.01,0,0,2,0,2,matched,Eukaryota,3,100.0,24.5,0.041
Balamuthia,66526,8,12,0.01,0.0,3,1,0.01,0.0,0,0,1,0,1,matched,Eukaryota,3,100.0,8.0,0.125
Salpingoecidae_Group_C1_X,81529,148,357,0.21,0.09,3,2,0.01,0.01,0,0,2,0,2,matched,Eukaryota,3,100.0,74.0,0.014
Phaeodactylum,2849,15,37,0.02,0.01,3,1,0.01,0.0,0,0,1,0,1,matched,Eukaryota,3,100.0,15.0,0.067
Leptomonas,5683,53,327,0.07,0.08,3,2,0.01,0.01,0,0,2,0,2,matched,Eukaryota,3,100.0,26.5,0.038
Vannella,95228,56,94,0.08,0.02,2,1,0.0,0.0,0,0,1,0,1,matched,Eukaryota,0,0.0,56.0,0.018
Monothalamids_X.U.genus,1505960,507,2233,0.72,0.56,2,2,0.0,0.01,0,0,2,0,2,matched,Eukaryota,2,100.0,253.5,0.004
Sarcocystis10,5812,76,608,0.11,0.15,2,1,0.0,0.0,0,0,1,0,1,matched,Eukaryota,2,100.0,76.0,0.013
Mitosporidium,1633384,9,13,0.01,0.0,2,1,0.0,0.0,0,0,1,0,1,matched,Eukaryota,2,100.0,9.0,0.111
Culiseta,174825,3,6,0.0,0.0,2,1,0.0,0.0,0,0,1,0,1,matched,Eukaryota,2,100.0,3.0,0.333
Lecidea,88631,3,9,0.0,0.0,2,2,0.0,0.01,0,0,2,0,2,matched,Eukaryota,0,0.0,1.5,0.667
Trichocladium,290625,25,579,0.04,0.14,2,2,0.0,0.01,0,0,2,0,2,matched,Eukaryota,2,100.0,12.5,0.08
Hyphodiscus,353541,1,1,0.0,0.0,2,2,0.0,0.01,0,0,2,0,2,matched,Eukaryota,2,100.0,0.5,2.0
Tubulinea_X.U.genus,555369,121,492,0.17,0.12,2,1,0.0,0.0,0,0,1,0,1,matched,Eukaryota,1,50.0,121.0,0.008
Tubulinea.U.genus,555369,2,2,0.0,0.0,2,1,0.0,0.0,0,0,1,0,1,matched,Eukaryota,1,50.0,2.0,0.5
Ustanciosporium,307709,69,166,0.1,0.04,2,1,0.0,0.0,0,0,1,0,1,matched,Eukaryota,2,100.0,69.0,0.014
Psora,111720,10,24,0.01,0.01,2,2,0.0,0.01,0,0,2,0,2,matched,Eukaryota,0,0.0,5.0,0.2
Mastigamoeba,81099,1609,10879,2.27,2.71,2,1,0.0,0.0,0,0,1,0,1,matched,Eukaryota,2,100.0,1609.0,0.001
Paulinella,39716,17,24,0.02,0.01,2,1,0.0,0.0,0,0,1,0,1,matched,Eukaryota,2,100.0,17.0,0.059
Limulus,6849,36,122,0.05,0.03,2,1,0.0,0.0,0,0,1,0,1,matched,Eukaryota,2,100.0,36.0,0.028
Acartia,121148,4,7,0.01,0.0,2,1,0.0,0.0,0,0,1,0,1,matched,Eukaryota,2,100.0,4.0,0.25
Ricinus,160061,13,15,0.02,0.0,2,2,0.0,0.01,0,0,2,0,2,matched,Eukaryota,2,100.0,6.5,0.154
Saprolegnia,4769,5,126,0.01,0.03,2,2,0.0,0.01,0,0,2,0,2,matched,Eukaryota,2,100.0,2.5,0.4
Philaenus,30087,5,7,0.01,0.0,2,1,0.0,0.0,0,0,1,0,1,matched,Eukaryota,2,100.0,5.0,0.2
Mayetiola,39757,2,11,0.0,0.0,2,1,0.0,0.0,0,0,1,0,1,matched,Eukaryota,2,100.0,2.0,0.5
Neobodonida.U.genus,2704648,221,929,0.31,0.23,2,1,0.0,0.0,0,0,1,0,1,matched,Eukaryota,2,100.0,221.0,0.005
Tubulinea_XXXXX,555369,7,15,0.01,0.0,2,1,0.0,0.0,0,0,1,0,1,matched,Eukaryota,1,50.0,7.0,0.143
Spizellomyces,4815,52,167,0.07,0.04,2,2,0.0,0.01,0,0,2,0,2,matched,Eukaryota,2,100.0,26.0,0.038
Spumella,89043,12,14,0.02,0.0,2,2,0.0,0.01,0,0,2,0,2,matched,Eukaryota,2,100.0,6.0,0.167
Stylonychia,5948,800,7715,1.13,1.92,2,1,0.0,0.0,0,0,1,0,1,matched,Eukaryota,2,100.0,800.0,0.001
Chydorus,77744,12,27,0.02,0.01,1,1,0.0,0.0,0,0,1,0,1,matched,Eukaryota,1,100.0,12.0,0.083
Isaria,72232,64,489,0.09,0.12,1,1,0.0,0.0,0,0,1,0,1,matched,Eukaryota,1,100.0,64.0,0.016
Hexamita,13567,32,113,0.05,0.03,1,1,0.0,0.0,0,0,1,0,1,matched,Eukaryota,1,100.0,32.0,0.031
Aphelidium,1498217,12,17,0.02,0.0,1,1,0.0,0.0,0,0,1,0,1,matched,Eukaryota,1,100.0,12.0,0.083
Pelobiontida.U.genus,2682475,2,3,0.0,0.0,1,1,0.0,0.0,0,0,1,0,1,matched,Eukaryota,1,100.0,2.0,0.5
Simocephalus,77650,1,2,0.0,0.0,1,1,0.0,0.0,0,0,1,0,1,matched,Eukaryota,1,100.0,1.0,1.0
Gregarinidae.U.genus,35088,27,187,0.04,0.05,1,1,0.0,0.0,0,0,1,0,1,matched,Eukaryota,1,100.0,27.0,0.037
Rehmannia,99299,160,265,0.23,0.07,1,1,0.0,0.0,0,0,1,0,1,matched,Eukaryota,1,100.0,160.0,0.006
Tuckermannopsis,404711,1,5,0.0,0.0,1,1,0.0,0.0,0,0,1,0,1,matched,Eukaryota,0,0.0,1.0,1.0
Raphidocelis,307506,2,2,0.0,0.0,1,1,0.0,0.0,0,0,1,0,1,matched,Eukaryota,1,100.0,2.0,0.5
Neovahlkampfia,166955,211,780,0.3,0.19,1,1,0.0,0.0,0,0,1,0,1,matched,Eukaryota,1,100.0,211.0,0.005
Paramicrosporidium,1493516,2,8,0.0,0.0,1,1,0.0,0.0,0,0,1,0,1,matched,Eukaryota,1,100.0,2.0,0.5
Bodo,5712,10,15,0.01,0.0,1,1,0.0,0.0,0,0,1,0,1,matched,Eukaryota,1,100.0,10.0,0.1
Gregarina3,35089,27,218,0.04,0.05,1,1,0.0,0.0,0,0,1,0,1,matched,Eukaryota,1,100.0,27.0,0.037
Aculops,644139,5,7,0.01,0.0,1,1,0.0,0.0,0,0,1,0,1,matched,Eukaryota,1,100.0,5.0,0.2
Neogregarinorida.U.genus,238088,5,9,0.01,0.0,1,1,0.0,0.0,0,0,1,0,1,matched,Eukaryota,1,100.0,5.0,0.2
Polychytrium,110092,5,6,0.01,0.0,1,1,0.0,0.0,0,0,1,0,1,matched,Eukaryota,1,100.0,5.0,0.2
Sabatieria,129901,16,95,0.02,0.02,1,1,0.0,0.0,0,0,1,0,1,matched,Eukaryota,1,100.0,16.0,0.062
Tilletiopsis,1500560,8,53,0.01,0.01,1,1,0.0,0.0,0,0,1,0,1,matched,Eukaryota,1,100.0,8.0,0.125
Ichthyophthirius,5931,19,444,0.03,0.11,1,1,0.0,0.0,0,0,1,0,1,matched,Eukaryota,1,100.0,19.0,0.053
Leidyana2,196592,73,258,0.1,0.06,1,1,0.0,0.0,0,0,1,0,1,matched,Eukaryota,1,100.0,73.0,0.014
Leidyana1,196592,3,29,0.0,0.01,1,1,0.0,0.0,0,0,1,0,1,matched,Eukaryota,1,100.0,3.0,0.333
Articulospora,253308,19,62,0.03,0.02,1,1,0.0,0.0,0,0,1,0,1,matched,Eukaryota,1,100.0,19.0,0.053
Pycnora,318745,46,237,0.06,0.06,1,1,0.0,0.0,0,0,1,0,1,matched,Eukaryota,0,0.0,46.0,0.022
Neofabraea,143937,3,6,0.0,0.0,1,1,0.0,0.0,0,0,1,0,1,matched,Eukaryota,1,100.0,3.0,0.333
Tectonidula,1629392,3,5,0.0,0.0,1,1,0.0,0.0,0,0,1,0,1,matched,Eukaryota,1,100.0,3.0,0.333
Thamnocephalis,78914,3,4,0.0,0.0,1,1,0.0,0.0,0,0,1,0,1,matched,Eukaryota,1,100.0,3.0,0.333
Coniophora,80635,2,3,0.0,0.0,1,1,0.0,0.0,0,0,1,0,1,matched,Eukaryota,1,100.0,2.0,0.5
Labyrinthula,35133,62,238,0.09,0.06,1,1,0.0,0.0,0,0,1,0,1,matched,Eukaryota,1,100.0,62.0,0.016
Embryophyceae_XX.U.genus,N/A,1535,7457,2.17,1.86,0,0,0.0,0.0,0,0,0,0,0,census_only,Unknown,0,0.0,inf,0.0
Gyrista.U.genus,N/A,833,3060,1.17,0.76,0,0,0.0,0.0,0,0,0,0,0,census_only,Unknown,0,0.0,inf,0.0
Dino-Group-II.U.genus,N/A,657,2568,0.93,0.64,0,0,0.0,0.0,0,0,0,0,0,census_only,Unknown,0,0.0,inf,0.0
Flectomonas,1938442,639,3724,0.9,0.93,0,0,0.0,0.0,0,0,0,0,0,census_only,Unknown,0,0.0,inf,0.0
Dino-Group-II-Clade-7_X,N/A,547,1828,0.77,0.46,0,0,0.0,0.0,0,0,0,0,0,census_only,Unknown,0,0.0,inf,0.0
TSAR.U.genus,N/A,509,1675,0.72,0.42,0,0,0.0,0.0,0,0,0,0,0,census_only,Unknown,0,0.0,inf,0.0
Trachelomonas,96503,470,1572,0.66,0.39,0,0,0.0,0.0,0,0,0,0,0,census_only,Unknown,0,0.0,inf,0.0
Pentapharsodinium,66472,466,2001,0.66,0.5,0,0,0.0,0.0,0,0,0,0,0,census_only,Unknown,0,0.0,inf,0.0
Petalomonadida.U.genus,2570648,422,1103,0.6,0.27,0,0,0.0,0.0,0,0,0,0,0,census_only,Unknown,0,0.0,inf,0.0
Dino-Group-II-Clade-10-and-11_X,N/A,415,1595,0.59,0.4,0,0,0.0,0.0,0,0,0,0,0,census_only,Unknown,0,0.0,inf,0.0
Polycystinea.U.genus,65582,391,4253,0.55,1.06,0,0,0.0,0.0,0,0,0,0,0,census_only,Unknown,0,0.0,inf,0.0
Archaeplastida.U.genus,N/A,342,1480,0.48,0.37,0,0,0.0,0.0,0,0,0,0,0,census_only,Unknown,0,0.0,inf,0.0
Craniata_X.U.genus,89593 Craniata,326,2470,0.46,0.62,0,0,0.0,0.0,0,0,0,0,0,census_only,Unknown,0,0.0,inf,0.0
Vampyrellida.U.genus,1367446,315,1110,0.44,0.28,0,0,0.0,0.0,0,0,0,0,0,census_only,Unknown,0,0.0,inf,0.0
Dino-Group-II-Clade-6_X,N/A,286,4127,0.4,1.03,0,0,0.0,0.0,0,0,0,0,0,census_only,Unknown,0,0.0,inf,0.0
Saccamoeba,136463,279,1566,0.39,0.39,0,0,0.0,0.0,0,0,0,0,0,census_only,Unknown,0,0.0,inf,0.0
Radiolaria.U.genus,65574 Radiolaria,272,1717,0.38,0.43,0,0,0.0,0.0,0,0,0,0,0,census_only,Unknown,0,0.0,inf,0.0
Dileptidae_X,1652550,253,2935,0.36,0.73,0,0,0.0,0.0,0,0,0,0,0,census_only,Unknown,0,0.0,inf,0.0
Drosophila,2081351,217,1383,0.31,0.34,0,0,0.0,0.0,0,0,0,0,0,census_only,Unknown,0,0.0,inf,0.0
Nassellaria.U.genus,278980,209,918,0.29,0.23,0,0,0.0,0.0,0,0,0,0,0,census_only,Unknown,0,0.0,inf,0.0
Acantharea_3a_X,65574,208,1225,0.29,0.31,0,0,0.0,0.0,0,0,0,0,0,census_only,Unknown,0,0.0,inf,0.0
Dino-Group-I.U.genus,N/A,197,907,0.28,0.23,0,0,0.0,0.0,0,0,0,0,0,census_only,Unknown,0,0.0,inf,0.0
Flamellidae.U.genus,2605335,197,567,0.28,0.14,0,0,0.0,0.0,0,0,0,0,0,census_only,Unknown,0,0.0,inf,0.0
Dino-Group-I-Clade-5_X,N/A,196,1050,0.28,0.26,0,0,0.0,0.0,0,0,0,0,0,census_only,Unknown,0,0.0,inf,0.0
Eupetalomonads_XX,N/A,192,534,0.27,0.13,0,0,0.0,0.0,0,0,0,0,0,census_only,Unknown,0,0.0,inf,0.0
Phyllopharyngea.U.genus,37471,186,686,0.26,0.17,0,0,0.0,0.0,0,0,0,0,0,census_only,Unknown,0,0.0,inf,0.0
Dino-Group-I-Clade-4_X,N/A,182,1189,0.26,0.3,0,0,0.0,0.0,0,0,0,0,0,census_only,Unknown,0,0.0,inf,0.0
WIM80-lineage_X,N/A,173,656,0.24,0.16,0,0,0.0,0.0,0,0,0,0,0,census_only,Unknown,0,0.0,inf,0.0
Maxillopoda.U.genus,N/A,155,2107,0.22,0.52,0,0,0.0,0.0,0,0,0,0,0,census_only,Unknown,0,0.0,inf,0.0
Turbellaria.U.genus,166384,153,634,0.22,0.16,0,0,0.0,0.0,0,0,0,0,0,census_only,Unknown,0,0.0,inf,0.0
Bullinularia,318543,151,397,0.21,0.1,0,0,0.0,0.0,0,0,0,0,0,census_only,Unknown,0,0.0,inf,0.0
Centroplasthelida_X.U.genus,193537,151,475,0.21,0.12,0,0,0.0,0.0,0,0,0,0,0,census_only,Unknown,0,0.0,inf,0.0
Scytomonadidae.U.genus,2570650,148,357,0.21,0.09,0,0,0.0,0.0,0,0,0,0,0,census_only,Unknown,0,0.0,inf,0.0
Nolandellidae_X,N/A,142,405,0.2,0.1,0,0,0.0,0.0,0,0,0,0,0,census_only,Unknown,0,0.0,inf,0.0
Rhogostoma-lineage_X,981201,134,853,0.19,0.21,0,0,0.0,0.0,0,0,0,0,0,census_only,Unknown,0,0.0,inf,0.0
Copromyxa,931553,133,379,0.19,0.09,0,0,0.0,0.0,0,0,0,0,0,census_only,Unknown,0,0.0,inf,0.0
Vorticella,60849,132,1571,0.19,0.39,0,0,0.0,0.0,0,0,0,0,0,census_only,Unknown,0,0.0,inf,0.0
Monocystis,110315,131,467,0.18,0.12,0,0,0.0,0.0,0,0,0,0,0,census_only,Unknown,0,0.0,inf,0.0
Dino-Group-I-Clade-1_X,N/A,116,2072,0.16,0.52,0,0,0.0,0.0,0,0,0,0,0,census_only,Unknown,0,0.0,inf,0.0
Sawyeria,194529,108,544,0.15,0.14,0,0,0.0,0.0,0,0,0,0,0,census_only,Unknown,0,0.0,inf,0.0
Chaetonotus,68038,98,611,0.14,0.15,0,0,0.0,0.0,0,0,0,0,0,census_only,Unknown,0,0.0,inf,0.0
Dino-Group-II-Clade-3_X,N/A,92,284,0.13,0.07,0,0,0.0,0.0,0,0,0,0,0,census_only,Unknown,0,0.0,inf,0.0
Bellemerea,170001,90,667,0.13,0.17,0,0,0.0,0.0,0,0,0,0,0,census_only,Unknown,0,0.0,inf,0.0
Thaumatomonadida.U.genus,188944,88,597,0.12,0.15,0,0,0.0,0.0,0,0,0,0,0,census_only,Unknown,0,0.0,inf,0.0
Euamoebida.U.genus,180229,86,246,0.12,0.06,0,0,0.0,0.0,0,0,0,0,0,census_only,Unknown,0,0.0,inf,0.0
Allogromiina,N/A,83,222,0.12,0.06,0,0,0.0,0.0,0,0,0,0,0,census_only,Unknown,0,0.0,inf,0.0
Suctoria_XX,39462,83,403,0.12,0.1,0,0,0.0,0.0,0,0,0,0,0,census_only,Unknown,0,0.0,inf,0.0
Endostelium,668361,82,179,0.12,0.04,0,0,0.0,0.0,0,0,0,0,0,census_only,Unknown,0,0.0,inf,0.0
Dino-Group-II-Clade-1_X,N/A,80,328,0.11,0.08,0,0,0.0,0.0,0,0,0,0,0,census_only,Unknown,0,0.0,inf,0.0
Cyclotrichium,751773,79,227,0.11,0.06,0,0,0.0,0.0,0,0,0,0,0,census_only,Unknown,0,0.0,inf,0.0
Schizoplasmodiidae.U.genus,2681886,78,222,0.11,0.06,0,0,0.0,0.0,0,0,0,0,0,census_only,Unknown,0,0.0,inf,0.0
AND16-lineage_X,N/A,75,194,0.11,0.05,0,0,0.0,0.0,0,0,0,0,0,census_only,Unknown,0,0.0,inf,0.0
Arcellinida.U.genus,318493,75,271,0.11,0.07,0,0,0.0,0.0,0,0,0,0,0,census_only,Unknown,0,0.0,inf,0.0
Neocercomonas,268487,69,116,0.1,0.03,0,0,0.0,0.0,0,0,0,0,0,census_only,Unknown,0,0.0,inf,0.0
Scytomonas,1732441,66,151,0.09,0.04,0,0,0.0,0.0,0,0,0,0,0,census_only,Unknown,0,0.0,inf,0.0
Maxillopoda_X,N/A,63,352,0.09,0.09,0,0,0.0,0.0,0,0,0,0,0,census_only,Unknown,0,0.0,inf,0.0
Flamella,490353,62,262,0.09,0.07,0,0,0.0,0.0,0,0,0,0,0,census_only,Unknown,0,0.0,inf,0.0
Coccidiomorphea.U.genus,N/A,61,404,0.09,0.1,0,0,0.0,0.0,0,0,0,0,0,census_only,Unknown,0,0.0,inf,0.0
Archamoebea.U.genus,N/A,58,216,0.08,0.05,0,0,0.0,0.0,0,0,0,0,0,census_only,Unknown,0,0.0,inf,0.0
Bicoecaceae_X,238883,57,469,0.08,0.12,0,0,0.0,0.0,0,0,0,0,0,census_only,Unknown,0,0.0,inf,0.0
Phryganellina.U.genus,318517,54,135,0.08,0.03,0,0,0.0,0.0,0,0,0,0,0,census_only,Unknown,0,0.0,inf,0.0
Rigifilida_XXXX.U.genus,1237875,54,201,0.08,0.05,0,0,0.0,0.0,0,0,0,0,0,census_only,Unknown,0,0.0,inf,0.0
Peritrichia_2.U.genus,6021,53,322,0.07,0.08,0,0,0.0,0.0,0,0,0,0,0,census_only,Unknown,0,0.0,inf,0.0
Picomonas,1315712,51,366,0.07,0.09,0,0,0.0,0.0,0,0,0,0,0,census_only,Unknown,0,0.0,inf,0.0
Cavernomonas,686739,50,92,0.07,0.02,0,0,0.0,0.0,0,0,0,0,0,census_only,Unknown,0,0.0,inf,0.0
Mariager-Fjord-lineage_X,N/A,50,198,0.07,0.05,0,0,0.0,0.0,0,0,0,0,0,census_only,Unknown,0,0.0,inf,0.0
Sey055-lineage_X,N/A,50,123,0.07,0.03,0,0,0.0,0.0,0,0,0,0,0,census_only,Unknown,0,0.0,inf,0.0
NPK2-lineage_X,N/A,48,137,0.07,0.03,0,0,0.0,0.0,0,0,0,0,0,census_only,Unknown,0,0.0,inf,0.0
Trimitus,306058,47,88,0.07,0.02,0,0,0.0,0.0,0,0,0,0,0,census_only,Unknown,0,0.0,inf,0.0
Mb5C-lineage_X,N/A,46,111,0.06,0.03,0,0,0.0,0.0,0,0,0,0,0,census_only,Unknown,0,0.0,inf,0.0
Hartmannella,5777,46,155,0.06,0.04,0,0,0.0,0.0,0,0,0,0,0,census_only,Unknown,0,0.0,inf,0.0
Hartmannellidae.U.genus,5776,46,118,0.06,0.03,0,0,0.0,0.0,0,0,0,0,0,census_only,Unknown,0,0.0,inf,0.0
Peronosporomycetes_X.U.genus,N/A,44,130,0.06,0.03,0,0,0.0,0.0,0,0,0,0,0,census_only,Unknown,0,0.0,inf,0.0
Protaspa-lineage_X,1938521,44,88,0.06,0.02,0,0,0.0,0.0,0,0,0,0,0,census_only,Unknown,0,0.0,inf,0.0
Neobodo,312470,43,74,0.06,0.02,0,0,0.0,0.0,0,0,0,0,0,census_only,Unknown,0,0.0,inf,0.0
Collophidium,1130125,42,87,0.06,0.02,0,0,0.0,0.0,0,0,0,0,0,census_only,Unknown,0,0.0,inf,0.0
Novel-Gran-6_X,N/A,42,142,0.06,0.04,0,0,0.0,0.0,0,0,0,0,0,census_only,Unknown,0,0.0,inf,0.0
Fusiforma,1416936,40,96,0.06,0.02,0,0,0.0,0.0,0,0,0,0,0,census_only,Unknown,0,0.0,inf,0.0
Novel-clade-10_XX,N/A,38,48,0.05,0.01,0,0,0.0,0.0,0,0,0,0,0,census_only,Unknown,0,0.0,inf,0.0
Urotricha,457378,38,128,0.05,0.03,0,0,0.0,0.0,0,0,0,0,0,census_only,Unknown,0,0.0,inf,0.0
Acineta_1,239360,37,104,0.05,0.03,0,0,0.0,0.0,0,0,0,0,0,census_only,Unknown,0,0.0,inf,0.0
Stygamoebida_XXX,1485089,37,120,0.05,0.03,0,0,0.0,0.0,0,0,0,0,0,census_only,Unknown,0,0.0,inf,0.0
Suctoria.U.genus,39462,36,87,0.05,0.02,0,0,0.0,0.0,0,0,0,0,0,census_only,Unknown,0,0.0,inf,0.0
Sessilida.U.genus,1974272,35,109,0.05,0.03,0,0,0.0,0.0,0,0,0,0,0,census_only,Unknown,0,0.0,inf,0.0
Anthoptilum,86570,35,169,0.05,0.04,0,0,0.0,0.0,0,0,0,0,0,census_only,Unknown,0,0.0,inf,0.0
Chaos,160821,35,66,0.05,0.02,0,0,0.0,0.0,0,0,0,0,0,census_only,Unknown,0,0.0,inf,0.0
Filoreta,1407634,34,52,0.05,0.01,0,0,0.0,0.0,0,0,0,0,0,census_only,Unknown,0,0.0,inf,0.0
Korotnevella,200888,34,50,0.05,0.01,0,0,0.0,0.0,0,0,0,0,0,census_only,Unknown,0,0.0,inf,0.0
Mastigella,180814,34,67,0.05,0.02,0,0,0.0,0.0,0,0,0,0,0,census_only,Unknown,0,0.0,inf,0.0
Actinocephalidae.U.genus,650287,34,87,0.05,0.02,0,0,0.0,0.0,0,0,0,0,0,census_only,Unknown,0,0.0,inf,0.0
Filosa-Thecofilosea.U.genus,N/A,33,84,0.05,0.02,0,0,0.0,0.0,0,0,0,0,0,census_only,Unknown,0,0.0,inf,0.0
Gromia,35216,33,56,0.05,0.01,0,0,0.0,0.0,0,0,0,0,0,census_only,Unknown,0,0.0,inf,0.0
Tokophrya,168138,33,176,0.05,0.04,0,0,0.0,0.0,0,0,0,0,0,census_only,Unknown,0,0.0,inf,0.0
Filosa-Sarcomonadea.U.genus,N/A,31,82,0.04,0.02,0,0,0.0,0.0,0,0,0,0,0,census_only,Unknown,0,0.0,inf,0.0
LOS7N/I-lineage_X,N/A,31,221,0.04,0.06,0,0,0.0,0.0,0,0,0,0,0,census_only,Unknown,0,0.0,inf,0.0
Spinibdella,768103,31,179,0.04,0.04,0,0,0.0,0.0,0,0,0,0,0,census_only,Unknown,0,0.0,inf,0.0
Physochila,1165382,30,151,0.04,0.04,0,0,0.0,0.0,0,0,0,0,0,census_only,Unknown,0,0.0,inf,0.0
Ptolemeba,1525728,29,78,0.04,0.02,0,0,0.0,0.0,0,0,0,0,0,census_only,Unknown,0,0.0,inf,0.0
Physcomitrella,3217,28,50,0.04,0.01,0,0,0.0,0.0,0,0,0,0,0,census_only,Unknown,0,0.0,inf,0.0
Elardia.U.genus,2681632,28,49,0.04,0.01,0,0,0.0,0.0,0,0,0,0,0,census_only,Unknown,0,0.0,inf,0.0
Paradinium,492102,27,43,0.04,0.01,0,0,0.0,0.0,0,0,0,0,0,census_only,Unknown,0,0.0,inf,0.0
Gyropaigne,86636,26,100,0.04,0.02,0,0,0.0,0.0,0,0,0,0,0,census_only,Unknown,0,0.0,inf,0.0
Tholomura,2748069,26,77,0.04,0.02,0,0,0.0,0.0,0,0,0,0,0,census_only,Unknown,0,0.0,inf,0.0
Trochilia,1170543,25,115,0.04,0.03,0,0,0.0,0.0,0,0,0,0,0,census_only,Unknown,0,0.0,inf,0.0
Distigma,83913,24,188,0.03,0.05,0,0,0.0,0.0,0,0,0,0,0,census_only,Unknown,0,0.0,inf,0.0
Spadicoides,439828,24,103,0.03,0.03,0,0,0.0,0.0,0,0,0,0,0,census_only,Unknown,0,0.0,inf,0.0
NC12A-lineage_X,N/A,22,45,0.03,0.01,0,0,0.0,0.0,0,0,0,0,0,census_only,Unknown,0,0.0,inf,0.0
Glissomonadida.U.genus,1238681,21,102,0.03,0.03,0,0,0.0,0.0,0,0,0,0,0,census_only,Unknown,0,0.0,inf,0.0
Unclassified_Provorticidae,12908,21,58,0.03,0.01,0,0,0.0,0.0,0,0,0,0,0,census_only,Unknown,0,0.0,inf,0.0
Xiphocephalus,650332,20,39,0.03,0.01,0,0,0.0,0.0,0,0,0,0,0,census_only,Unknown,0,0.0,inf,0.0
Hemimastix,2027450,20,81,0.03,0.02,0,0,0.0,0.0,0,0,0,0,0,census_only,Unknown,0,0.0,inf,0.0
Schizoplasmodium,661159,20,36,0.03,0.01,0,0,0.0,0.0,0,0,0,0,0,census_only,Unknown,0,0.0,inf,0.0
Coccomyxa,320428,20,87,0.03,0.02,0,0,0.0,0.0,0,0,0,0,0,census_only,Unknown,0,0.0,inf,0.0
Ceratiomyxella,661161,20,54,0.03,0.01,0,0,0.0,0.0,0,0,0,0,0,census_only,Unknown,0,0.0,inf,0.0
Cercomonas,45109,20,57,0.03,0.01,0,0,0.0,0.0,0,0,0,0,0,census_only,Unknown,0,0.0,inf,0.0
Centroplasthelida_XXXXX,193537,19,25,0.03,0.01,0,0,0.0,0.0,0,0,0,0,0,census_only,Unknown,0,0.0,inf,0.0
Diptilomiopus,1336388,19,31,0.03,0.01,0,0,0.0,0.0,0,0,0,0,0,census_only,Unknown,0,0.0,inf,0.0
Gadixcellia,2759743,19,22,0.03,0.01,0,0,0.0,0.0,0,0,0,0,0,census_only,Unknown,0,0.0,inf,0.0
Dino-Group-II-Clade-14_X,N/A,19,51,0.03,0.01,0,0,0.0,0.0,0,0,0,0,0,census_only,Unknown,0,0.0,inf,0.0
Nemogullmia,164077,18,66,0.03,0.02,0,0,0.0,0.0,0,0,0,0,0,census_only,Unknown,0,0.0,inf,0.0
Dino-Group-II-Clade-21_X,N/A,17,78,0.02,0.02,0,0,0.0,0.0,0,0,0,0,0,census_only,Unknown,0,0.0,inf,0.0
Diplophrys,138668,17,26,0.02,0.01,0,0,0.0,0.0,0,0,0,0,0,census_only,Unknown,0,0.0,inf,0.0
Amphitrema,1287651,16,60,0.02,0.01,0,0,0.0,0.0,0,0,0,0,0,census_only,Unknown,0,0.0,inf,0.0
Encentrum,360660,16,25,0.02,0.01,0,0,0.0,0.0,0,0,0,0,0,census_only,Unknown,0,0.0,inf,0.0
Petalomonas,56451,16,26,0.02,0.01,0,0,0.0,0.0,0,0,0,0,0,census_only,Unknown,0,0.0,inf,0.0
MAST-12C,N/A,15,27,0.02,0.01,0,0,0.0,0.0,0,0,0,0,0,census_only,Unknown,0,0.0,inf,0.0
Paracalanus,163471,15,324,0.02,0.08,0,0,0.0,0.0,0,0,0,0,0,census_only,Unknown,0,0.0,inf,0.0
Gregarinomorphea.U.genus,N/A,15,80,0.02,0.02,0,0,0.0,0.0,0,0,0,0,0,census_only,Unknown,0,0.0,inf,0.0
Allobodo,2571230,14,30,0.02,0.01,0,0,0.0,0.0,0,0,0,0,0,census_only,Unknown,0,0.0,inf,0.0
Eudiaptomus,251516,14,901,0.02,0.22,0,0,0.0,0.0,0,0,0,0,0,census_only,Unknown,0,0.0,inf,0.0
Polychaos,2663723,14,43,0.02,0.01,0,0,0.0,0.0,0,0,0,0,0,census_only,Unknown,0,0.0,inf,0.0
Cercomonadidae_X,45108,13,26,0.02,0.01,0,0,0.0,0.0,0,0,0,0,0,census_only,Unknown,0,0.0,inf,0.0
Leohumicola,290614,13,81,0.02,0.02,0,0,0.0,0.0,0,0,0,0,0,census_only,Unknown,0,0.0,inf,0.0
OLIGO2_X,N/A,13,158,0.02,0.04,0,0,0.0,0.0,0,0,0,0,0,census_only,Unknown,0,0.0,inf,0.0
Rigifila,1237874,13,17,0.02,0.0,0,0,0.0,0.0,0,0,0,0,0,census_only,Unknown,0,0.0,inf,0.0
Dino-Group-II_XX,N/A,12,29,0.02,0.01,0,0,0.0,0.0,0,0,0,0,0,census_only,Unknown,0,0.0,inf,0.0
Micronuclearia,238745,12,28,0.02,0.01,0,0,0.0,0.0,0,0,0,0,0,census_only,Unknown,0,0.0,inf,0.0
Plagiostomum,84130,12,25,0.02,0.01,0,0,0.0,0.0,0,0,0,0,0,census_only,Unknown,0,0.0,inf,0.0
Tetrachaetum,253301,12,36,0.02,0.01,0,0,0.0,0.0,0,0,0,0,0,census_only,Unknown,0,0.0,inf,0.0
Tobrilus,327476,11,65,0.02,0.02,0,0,0.0,0.0,0,0,0,0,0,census_only,Unknown,0,0.0,inf,0.0
Nucleariidae_Nuclearia_2_X,154966,11,30,0.02,0.01,0,0,0.0,0.0,0,0,0,0,0,census_only,Unknown,0,0.0,inf,0.0
Chloroparva,948560,10,17,0.01,0.0,0,0,0.0,0.0,0,0,0,0,0,census_only,Unknown,0,0.0,inf,0.0
Notosolenus,186759,10,15,0.01,0.0,0,0,0.0,0.0,0,0,0,0,0,census_only,Unknown,0,0.0,inf,0.0
Pterocystida_XXX,2607628,10,24,0.01,0.01,0,0,0.0,0.0,0,0,0,0,0,census_only,Unknown,0,0.0,inf,0.0
Reophax,212491,10,34,0.01,0.01,0,0,0.0,0.0,0,0,0,0,0,census_only,Unknown,0,0.0,inf,0.0
Trepomonas,44997,10,23,0.01,0.01,0,0,0.0,0.0,0,0,0,0,0,census_only,Unknown,0,0.0,inf,0.0
Vampyrella,941459,10,18,0.01,0.0,0,0,0.0,0.0,0,0,0,0,0,census_only,Unknown,0,0.0,inf,0.0
Astrorhiza,46079,9,9,0.01,0.0,0,0,0.0,0.0,0,0,0,0,0,census_only,Unknown,0,0.0,inf,0.0
Evaginogenida_X,163659,9,17,0.01,0.0,0,0,0.0,0.0,0,0,0,0,0,census_only,Unknown,0,0.0,inf,0.0
Plectonchus,114872,9,71,0.01,0.02,0,0,0.0,0.0,0,0,0,0,0,census_only,Unknown,0,0.0,inf,0.0
Ventrifissura,1938507,9,9,0.01,0.0,0,0,0.0,0.0,0,0,0,0,0,census_only,Unknown,0,0.0,inf,0.0
Prodesmodora,293849,8,10,0.01,0.0,0,0,0.0,0.0,0,0,0,0,0,census_only,Unknown,0,0.0,inf,0.0
Thaumatomonas,45099,8,9,0.01,0.0,0,0,0.0,0.0,0,0,0,0,0,census_only,Unknown,0,0.0,inf,0.0
LKM74-lineage_X,N/A,8,10,0.01,0.0,0,0,0.0,0.0,0,0,0,0,0,census_only,Unknown,0,0.0,inf,0.0
Clavicaudoides,266273,8,142,0.01,0.04,0,0,0.0,0.0,0,0,0,0,0,census_only,Unknown,0,0.0,inf,0.0
ARMOP1_X,N/A,6,9,0.01,0.0,0,0,0.0,0.0,0,0,0,0,0,census_only,Unknown,0,0.0,inf,0.0
Ascomorpha,360654,6,7,0.01,0.0,0,0,0.0,0.0,0,0,0,0,0,census_only,Unknown,0,0.0,inf,0.0
Cryptodifflugia,1078833,6,11,0.01,0.0,0,0,0.0,0.0,0,0,0,0,0,census_only,Unknown,0,0.0,inf,0.0
Eimeriida.U.genus,N/A,6,20,0.01,0.0,0,0,0.0,0.0,0,0,0,0,0,census_only,Unknown,0,0.0,inf,0.0
Nematostelium,661164,6,8,0.01,0.0,0,0,0.0,0.0,0,0,0,0,0,census_only,Unknown,0,0.0,inf,0.0
Pseudovorticella,310678,6,76,0.01,0.02,0,0,0.0,0.0,0,0,0,0,0,census_only,Unknown,0,0.0,inf,0.0
Sandona,1239209,6,9,0.01,0.0,0,0,0.0,0.0,0,0,0,0,0,census_only,Unknown,0,0.0,inf,0.0
epibiont,N/A,6,29,0.01,0.01,0,0,0.0,0.0,0,0,0,0,0,census_only,Unknown,0,0.0,inf,0.0
Ripidomyxa,266049,5,6,0.01,0.0,0,0,0.0,0.0,0,0,0,0,0,census_only,Unknown,0,0.0,inf,0.0
Penthaleus,296206,5,143,0.01,0.04,0,0,0.0,0.0,0,0,0,0,0,census_only,Unknown,0,0.0,inf,0.0
Novel-Clade-4_X,N/A,5,6,0.01,0.0,0,0,0.0,0.0,0,0,0,0,0,census_only,Unknown,0,0.0,inf,0.0
Metridia,114066,5,70,0.01,0.02,0,0,0.0,0.0,0,0,0,0,0,census_only,Unknown,0,0.0,inf,0.0
Guepiniopsis,143596,5,5,0.01,0.0,0,0,0.0,0.0,0,0,0,0,0,census_only,Unknown,0,0.0,inf,0.0
Hyplorynchus,N/A,5,10,0.01,0.0,0,0,0.0,0.0,0,0,0,0,0,census_only,Unknown,0,0.0,inf,0.0
Cryptococcus,79213,5,5,0.01,0.0,0,0,0.0,0.0,0,0,0,0,0,census_only,Unknown,0,0.0,inf,0.0
Choanocystis,299888,5,6,0.01,0.0,0,0,0.0,0.0,0,0,0,0,0,census_only,Unknown,0,0.0,inf,0.0
Centropages,136182,5,13,0.01,0.0,0,0,0.0,0.0,0,0,0,0,0,census_only,Unknown,0,0.0,inf,0.0
Actinosphaerium,238766,5,14,0.01,0.0,0,0,0.0,0.0,0,0,0,0,0,census_only,Unknown,0,0.0,inf,0.0
Cryomonadida.U.genus,589444,5,7,0.01,0.0,0,0,0.0,0.0,0,0,0,0,0,census_only,Unknown,0,0.0,inf,0.0
OLIGO5_XX,N/A,4,4,0.01,0.0,0,0,0.0,0.0,0,0,0,0,0,census_only,Unknown,0,0.0,inf,0.0
Rhynchomonas,127149,4,14,0.01,0.0,0,0,0.0,0.0,0,0,0,0,0,census_only,Unknown,0,0.0,inf,0.0
Protaspa,1938521,4,4,0.01,0.0,0,0,0.0,0.0,0,0,0,0,0,census_only,Unknown,0,0.0,inf,0.0
Parhypochthonius,229752,4,6,0.01,0.0,0,0,0.0,0.0,0,0,0,0,0,census_only,Unknown,0,0.0,inf,0.0
Paradinida_XX,N/A,4,5,0.01,0.0,0,0,0.0,0.0,0,0,0,0,0,census_only,Unknown,0,0.0,inf,0.0
Paracercomonas,372085,4,4,0.01,0.0,0,0,0.0,0.0,0,0,0,0,0,census_only,Unknown,0,0.0,inf,0.0
Mataza-lineage_X,1004929,4,5,0.01,0.0,0,0,0.0,0.0,0,0,0,0,0,census_only,Unknown,0,0.0,inf,0.0
Limnofilidae_X,1938435,4,6,0.01,0.0,0,0,0.0,0.0,0,0,0,0,0,census_only,Unknown,0,0.0,inf,0.0
Diaphanosoma,117531,4,5,0.01,0.0,0,0,0.0,0.0,0,0,0,0,0,census_only,Unknown,0,0.0,inf,0.0
Cyclops,263416,4,5,0.01,0.0,0,0,0.0,0.0,0,0,0,0,0,census_only,Unknown,0,0.0,inf,0.0
CCW10-lineage_X,N/A,4,6,0.01,0.0,0,0,0.0,0.0,0,0,0,0,0,census_only,Unknown,0,0.0,inf,0.0
Bosmina,27402,4,43,0.01,0.01,0,0,0.0,0.0,0,0,0,0,0,census_only,Unknown,0,0.0,inf,0.0
Anomalocera,310561,4,55,0.01,0.01,0,0,0.0,0.0,0,0,0,0,0,census_only,Unknown,0,0.0,inf,0.0
Hartmannulidae_X,247151,3,6,0.0,0.0,0,0,0.0,0.0,0,0,0,0,0,census_only,Unknown,0,0.0,inf,0.0
Protacanthamoeba,325061,3,3,0.0,0.0,0,0,0.0,0.0,0,0,0,0,0,census_only,Unknown,0,0.0,inf,0.0
NC12B-lineage_X,N/A,3,11,0.0,0.0,0,0,0.0,0.0,0,0,0,0,0,census_only,Unknown,0,0.0,inf,0.0
MAST-3E,N/A,3,7,0.0,0.0,0,0,0.0,0.0,0,0,0,0,0,census_only,Unknown,0,0.0,inf,0.0
Loimia,153626,3,6,0.0,0.0,0,0,0.0,0.0,0,0,0,0,0,census_only,Unknown,0,0.0,inf,0.0
Spermatozopsis,3191,3,12,0.0,0.0,0,0,0.0,0.0,0,0,0,0,0,census_only,Unknown,0,0.0,inf,0.0
Filosa-Thecofilosea_XXX,1004930,3,4,0.0,0.0,0,0,0.0,0.0,0,0,0,0,0,census_only,Unknown,0,0.0,inf,0.0
Allantion,188942,3,4,0.0,0.0,0,0,0.0,0.0,0,0,0,0,0,census_only,Unknown,0,0.0,inf,0.0
Adelina,203141,3,3,0.0,0.0,0,0,0.0,0.0,0,0,0,0,0,census_only,Unknown,0,0.0,inf,0.0
Acanthopodida.U.genus,N/A,3,3,0.0,0.0,0,0,0.0,0.0,0,0,0,0,0,census_only,Unknown,0,0.0,inf,0.0
Ceratium,2915,3,65,0.0,0.02,0,0,0.0,0.0,0,0,0,0,0,census_only,Unknown,0,0.0,inf,0.0
Glissomonadida_XX,1238681,2,2,0.0,0.0,0,0,0.0,0.0,0,0,0,0,0,census_only,Unknown,0,0.0,inf,0.0
Thaumatomonadida_XX,188944,2,2,0.0,0.0,0,0,0.0,0.0,0,0,0,0,0,census_only,Unknown,0,0.0,inf,0.0
Sphaerozoum,65589,2,3,0.0,0.0,0,0,0.0,0.0,0,0,0,0,0,census_only,Unknown,0,0.0,inf,0.0
Phryganella,2217852,2,2,0.0,0.0,0,0,0.0,0.0,0,0,0,0,0,census_only,Unknown,0,0.0,inf,0.0
Nibbleromonas,3004211,2,9,0.0,0.0,0,0,0.0,0.0,0,0,0,0,0,census_only,Unknown,0,0.0,inf,0.0
Mattesia,238095,2,3,0.0,0.0,0,0,0.0,0.0,0,0,0,0,0,census_only,Unknown,0,0.0,inf,0.0
Scrippsiella,54902,2,7,0.0,0.0,0,0,0.0,0.0,0,0,0,0,0,census_only,Unknown,0,0.0,inf,0.0
Farlowiella,286006,2,4,0.0,0.0,0,0,0.0,0.0,0,0,0,0,0,census_only,Unknown,0,0.0,inf,0.0
Cryothecomonas,151025,2,3,0.0,0.0,0,0,0.0,0.0,0,0,0,0,0,census_only,Unknown,0,0.0,inf,0.0
Corallicolla,N/A,2,2,0.0,0.0,0,0,0.0,0.0,0,0,0,0,0,census_only,Unknown,0,0.0,inf,0.0
Cercomonadidae.U.genus,45108,2,3,0.0,0.0,0,0,0.0,0.0,0,0,0,0,0,census_only,Unknown,0,0.0,inf,0.0
Alphamonadea_ALPH1,N/A,2,10,0.0,0.0,0,0,0.0,0.0,0,0,0,0,0,census_only,Unknown,0,0.0,inf,0.0
Alaimus,211208,2,2,0.0,0.0,0,0,0.0,0.0,0,0,0,0,0,census_only,Unknown,0,0.0,inf,0.0
Endo5-lineage_XXX,N/A,2,2,0.0,0.0,0,0,0.0,0.0,0,0,0,0,0,census_only,Unknown,0,0.0,inf,0.0
Heterolepidoderma,78241,1,1,0.0,0.0,0,0,0.0,0.0,0,0,0,0,0,census_only,Unknown,0,0.0,inf,0.0
Surapoda,1454509,1,2,0.0,0.0,0,0,0.0,0.0,0,0,0,0,0,census_only,Unknown,0,0.0,inf,0.0
Nebulomonas,3004453,1,3,0.0,0.0,0,0,0.0,0.0,0,0,0,0,0,census_only,Unknown,0,0.0,inf,0.0
Massisteria,127226,1,2,0.0,0.0,0,0,0.0,0.0,0,0,0,0,0,census_only,Unknown,0,0.0,inf,0.0
Massaria,45312,1,4,0.0,0.0,0,0,0.0,0.0,0,0,0,0,0,census_only,Unknown,0,0.0,inf,0.0
Leptodora,77706,1,7,0.0,0.0,0,0,0.0,0.0,0,0,0,0,0,census_only,Unknown,0,0.0,inf,0.0
Cryomonadida_XX,589444,1,1,0.0,0.0,0,0,0.0,0.0,0,0,0,0,0,census_only,Unknown,0,0.0,inf,0.0
Halodaphnea,414971,1,2,0.0,0.0,0,0,0.0,0.0,0,0,0,0,0,census_only,Unknown,0,0.0,inf,0.0
Group-Te,N/A,1,2,0.0,0.0,0,0,0.0,0.0,0,0,0,0,0,census_only,Unknown,0,0.0,inf,0.0
Echinamoeba,136449,1,2,0.0,0.0,0,0,0.0,0.0,0,0,0,0,0,census_only,Unknown,0,0.0,inf,0.0
Craniata_XXX,89593 Craniata,1,1,0.0,0.0,0,0,0.0,0.0,0,0,0,0,0,census_only,Unknown,0,0.0,inf,0.0
Campanella,168241,1,3,0.0,0.0,0,0,0.0,0.0,0,0,0,0,0,census_only,Unknown,0,0.0,inf,0.0
Ankistrodesmus,3108,1,2,0.0,0.0,0,0,0.0,0.0,0,0,0,0,0,census_only,Unknown,0,0.0,inf,0.0
Ubysseya,3004335,1,2,0.0,0.0,0,0,0.0,0.0,0,0,0,0,0,census_only,Unknown,0,0.0,inf,0.0
