taxid,taxon_name,domain,member_size,occurrence_count
50557,Insecta,Eukaryota,19878,3087
NA,Blastocystis-Group,Eukaryota,618,72
4776,Peronosporales,Eukaryota,2022,373
147548,Leotiomycetes,Eukaryota,2629,374
147541,Dothideomycetes,Eukaryota,4225,874
155619,Agaricomycetes,Eukaryota,5519,759
NA,Embryophyceae_XX,Eukaryota,16076,2248
35460,Chlorellales_X,Eukaryota,3348,315
36750,Glomerales,Eukaryota,4813,236
4763,Saprolegniales,Eukaryota,126,5
452283,Exobasidiomycetes,Eukaryota,11775,306
NA,Chytridiomycetaceae,Eukaryota,82,12
27901,Rhabdocoela,Eukaryota,58,21
119088,Enoplea_X,Eukaryota,209,21
27998,Perkinsida_XX,Eukaryota,1396,221
147545,Eurotiomycetes,Eukaryota,6441,604
451442,Rhizophydiales_X,Eukaryota,593,157
1525212,Bathycoccaceae,Eukaryota,6531,308
4892,Saccharomycetales,Eukaryota,2434,233
NA,Dino-Group-I-Clade-4,Eukaryota,1189,182
147550,Sordariomycetes,Eukaryota,9434,1305
6142,Scyphozoa,Eukaryota,32,13
155616,Tremellomycetes,Eukaryota,690,126
NA,Maxillopoda,Eukaryota,3923,290
1031332,Rozellomycota_XX,Eukaryota,757,268
NA,Dino-Group-II-Clade-7,Eukaryota,1828,547
33313,Gastrotricha_XX,Eukaryota,612,99
NA,Dino-Group-II-Clade-3,Eukaryota,284,92
NA,Dino-Group-II-Clade-10-and-11,Eukaryota,1595,415
5739,Hexamitidae,Eukaryota,3242,573
1129782,Psalteriomonadidae,Eukaryota,544,108
340080,Parameciidae,Eukaryota,547,65
2689233,Aphelidiaceae,Eukaryota,17,12
NA,Dino-Group-II-Clade-1,Eukaryota,328,80
6854,Arachnida,Eukaryota,496,130
NA,Dino-Group-II-Clade-14,Eukaryota,51,19
6101,Anthozoa,Eukaryota,2971,297
119089,Chromadorea_X,Eukaryota,4386,778
NA,Dino-Group-II-Clade-6,Eukaryota,4127,286
NA,Dino-Group-II-Clade-21,Eukaryota,78,17
2602010,Neovahlkampfiidae,Eukaryota,780,211
1656265,Collophidiidae,Eukaryota,87,42
NA,Tholoniidae,Eukaryota,77,26
650287,Actinocephalidae,Eukaryota,567,172
NA,Dino-Group-II_X,Eukaryota,29,12
NA,Flamella-lineage,Eukaryota,262,62
65574,Acantharea_3a,Eukaryota,1225,208
35088,Gregarinidae,Eukaryota,692,130
NA,Dino-Group-I-Clade-5,Eukaryota,1050,196
35132,Labyrinthulaceae,Eukaryota,238,62
NA,Dino-Group-I-Clade-1,Eukaryota,2072,116
650329,Stylocephalidae,Eukaryota,39,20
2605703,Alphamonaceae,Eukaryota,10,2
1691972,Thoracosphaeraceae,Eukaryota,2008,468
39451,Ceratiaceae,Eukaryota,65,3
238883,Bicoecaceae,Eukaryota,469,57
75966,Trebouxiophyceae_XX,Eukaryota,8,5
212497,Lagynidae,Eukaryota,66,18
2681634,Difflugina,Eukaryota,397,151
NA,Nucleohelea,Eukaryota,14,5
147547,Lecanoromycetes,Eukaryota,1048,220
163659,Evaginogenida,Eukaryota,17,9
5809,Sarcocystidae,Eukaryota,608,76
39462,Suctoria_X,Eukaryota,403,83
65582,Sphaeropleales_X,Eukaryota,6,4
2570648,Ustilaginomycetes,Eukaryota,166,69
65582,Ulvales-relatives_X,Eukaryota,176,55
5257,Stygamoebida_XX,Eukaryota,120,37
33677,Acanthamoebidae,Eukaryota,773,123
29827,Lipomycetaceae,Eukaryota,6,3
NA,LOS7N/I-lineage,Eukaryota,299,60
1505960,Monothalamids_XX,Eukaryota,231,92
1913638,Zoopagomycota_XX,Eukaryota,72,27
35472,Coccomyxaceae,Eukaryota,87,20
2870,Phaeophyceae_XX,Eukaryota,666,77
29202,Thalassiosiraceae,Eukaryota,6048,309
NA,Nolandellidae,Eukaryota,405,142
86649,Rhabdomonadales,Eukaryota,100,26
81529,Salpingoecidae_Group_C1,Eukaryota,357,148
147555,Taphrinomycetes,Eukaryota,80,17
1131320,Euglenaceae,Eukaryota,1572,470
4861,Kickxellales,Eukaryota,40,12
2682475,Pelobiontida_X,Eukaryota,67,34
147537,Saccharomycotina_X,Eukaryota,237,46
3042,Chlamydomonadales_X,Eukaryota,1479,217
318493,Arcellinida_X,Eukaryota,151,30
168137,Tokophryidae,Eukaryota,176,33
NA,Novel-clade-10_X,Eukaryota,48,38
57506,Oxytrichidae,Eukaryota,7715,800
174815,Mastigamoebidae,Eukaryota,10879,1609
2586441,Sandonidae,Eukaryota,3733,645
451460,Blastocladiomycetes,Eukaryota,147,29
NA,Skeletonemaceae,Eukaryota,1,1
1482317,Reophacidae,Eukaryota,34,10
NA,Endostelium-lineage,Eukaryota,179,82
10190,Rotifera_XX,Eukaryota,1684,135
1652550,Dileptidae,Eukaryota,2935,253
5654,Trypanosomatidae,Eukaryota,1188,147
2570650,Scytomonadidae,Eukaryota,549,240
3235057,Pelagomonadaceae,Eukaryota,182,36
238884,Cafeteriaceae,Eukaryota,75,18
NA,MAST-12,Eukaryota,27,15
1974272,Sessilida,Eukaryota,1759,174
NA,Eupetalomonads_X,Eukaryota,534,192
35466,Selenastraceae,Eukaryota,1,1
34479,Spizellomycetaceae,Eukaryota,167,52
239359,Acinetidae_2,Eukaryota,104,37
1315717,Picomonadidae,Eukaryota,366,51
1639119,Plasmodiidae,Eukaryota,612,103
5776,Hartmannellidae,Eukaryota,2106,472
2601529,Tetramitia_I_X,Eukaryota,319,58
NA,Protaspa-lineage,Eukaryota,92,48
6658,Branchiopoda,Eukaryota,783,132
40674,Mammalia,Eukaryota,852,257
35218,Amoebidae,Eukaryota,66,35
6844,Merostomata,Eukaryota,122,36
2704119,Distigmidae,Eukaryota,188,24
5653,Kinetoplastea_XX,Eukaryota,428,183
45108,Cercomonadidae,Eukaryota,294,154
39715,Paulinellidae,Eukaryota,24,17
2607628,Pterocystida_XX,Eukaryota,24,10
457377,Urotrichidae,Eukaryota,128,38
NA,Neobodonidae,Eukaryota,74,43
NA,NC12A-lineage,Eukaryota,45,22
32443,Teleostei,Eukaryota,111,65
5708,Bodonidae,Eukaryota,15,10
2302913,Chloropicaceae,Eukaryota,50,15
6656,Arthropoda_XX,Eukaryota,24,16
2607627,Allapsidae,Eukaryota,6,4
NA,Novel-Gran-6,Eukaryota,142,42
NA,Paradinidae,Eukaryota,43,27
7586,Echinodermata_XX,Eukaryota,349,48
247151,Hartmannulidae,Eukaryota,6,3
200887,Paramoebidae,Eukaryota,81,54
69555,Caenogastropoda,Eukaryota,225,45
154966,Nucleariidae_Nuclearia_2,Eukaryota,30,11
1237875,Rigifilida_XXXX,Eukaryota,246,79
6340,Annelida_XX,Eukaryota,237,49
6179,Digenea,Eukaryota,955,190
256429,Diplophrydaceae,Eukaryota,26,17
180229,Polychytriales_X,Eukaryota,6,5
555408,Balamuthiidae,Eukaryota,12,8
555408,Eustigmatophyceae_XX,Eukaryota,315,39
79788,Prolecithophora,Eukaryota,25,12
79788,Phryganellina,Eukaryota,148,62
61421,Harpellales,Eukaryota,247,60
NA,Filoretidae_X,Eukaryota,52,34
NA,NPK2-lineage,Eukaryota,137,48
NA,WIM80-lineage,Eukaryota,656,173
27994,Theileriidae,Eukaryota,1221,101
198625,Ichthyophonida_XX,Eukaryota,11,6
NA,Vermamoebidae,Eukaryota,155,46
2681886,Schizoplasmodiidae,Eukaryota,320,124
NA,OLIGO2,Eukaryota,158,13
2027449,Spironemidae,Eukaryota,81,20
NA,Mariager-Fjord-lineage,Eukaryota,198,50
NA,LKM74-lineage,Eukaryota,10,8
2604748,Endomyxa_XX,Eukaryota,2,2
NA,AND16-lineage,Eukaryota,194,75
95227,Vannellidae,Eukaryota,94,56
NA,Endomyxa-Ascetosporea_XX,Eukaryota,8,4
451507,Mucoromycotina_X,Eukaryota,977,75
6029,Microsporida_X,Eukaryota,21,11
136419,Cercozoa_XXX,Eukaryota,21,12
NA,Rhogostoma-lineage,Eukaryota,853,134
2759735,Xcellidae,Eukaryota,22,19
NA,NC12B-lineage,Eukaryota,11,3
NA,Ophryoglenida,Eukaryota,444,19
6562,Ostreoida,Eukaryota,29,13
NA,Sey055-lineage,Eukaryota,123,50
5799,Eimeriidae,Eukaryota,535,68
265318,Cyanidiales_X,Eukaryota,21,2
325674,Vampyrellidae,Eukaryota,18,10
35493,Streptophyta_XXXX,Eukaryota,23,4
3004452,Nebulidae,Eukaryota,3,1
4751,Fungi_XXX,Eukaryota,809,190
65588,Sphaerozoidae,Eukaryota,3,2
35082,Cryptosporidiidae,Eukaryota,939,64
29007,Neocallimastigaceae,Eukaryota,79,10
3004210,Nibbleridae,Eukaryota,11,3
451449,Rhizophydiaceae,Eukaryota,45,3
877183,Colpodellida_CHR1,Eukaryota,70,18
38749,Phaeodactylaceae,Eukaryota,37,15
"696132
Cyclotrichium",Cyclotrichium_like_organism_XX,Eukaryota,227,79
88165,Ochromonadaceae,Eukaryota,14,12
8504,Lepidosauria,Eukaryota,42,4
NA,Allobodonidae,Eukaryota,30,14
2864,Dinophyceae_XX,Eukaryota,19,14
2728145,Rhynchomonadidae,Eukaryota,14,4
32594,Babesiidae,Eukaryota,158,23
238903,Dysteriidae,Eukaryota,115,25
4854,Mortierellaceae_X,Eukaryota,6,6
35215,Gromiidae,Eukaryota,56,33
1416935,Pseudocolliniidae,Eukaryota,96,40
NA,ARMOP1,Eukaryota,9,6
NA,Paradinida_X,Eukaryota,5,4
NA,OLIGO5_X,Eukaryota,4,4
8292,Amphibia,Eukaryota,9,5
NA,Massiteriidae,Eukaryota,2,1
193537,Centroplasthelida_XXXX,Eukaryota,25,19
451455,Neocallimastigomycota_XX,Eukaryota,78,54
1287649,Amphitraemidae,Eukaryota,60,16
147554,Schizosaccharomycetes,Eukaryota,13,2
NA,Choanocystidae,Eukaryota,6,5
NA,Haliphthorales,Eukaryota,2,1
NA,Cryothecomonas-lineage,Eukaryota,3,2
4761,Chytridiomycota_XX,Eukaryota,3,3
NA,Mb5C-lineage,Eukaryota,111,46
NA,CCW10-lineage,Eukaryota,6,4
203140,Adeleidae,Eukaryota,3,3
NA,Filosa-Thecofilosea_XX,Eukaryota,4,3
555369,Tubulinea_XXXX,Eukaryota,15,7
66525,Leptomyxidae,Eukaryota,6,5
1938435,Limnofilidae,Eukaryota,6,4
33651,Bicoecea_XX,Eukaryota,9,7
NA,Paracercomonadidae,Eukaryota,4,4
"89593
Craniata",Craniata_XX,Eukaryota,1,1
4810,Chytridiales_X,Eukaryota,5,1
136448,Echinamoebidae,Eukaryota,2,1
1238681,Glissomonadida_X,Eukaryota,2,2
33849,Bacillariophyceae_XX,Eukaryota,29,8
1938506,Ventrifissuridae,Eukaryota,9,9
NA,Mataza-lineage,Eukaryota,5,4
NA,Novel-Clade-4,Eukaryota,6,5
45098,Thaumatomonadidae,Eukaryota,9,8
2828056,Corallicolidae,Eukaryota,2,2
589444,Cryomonadida_X,Eukaryota,1,1
188944,Thaumatomonadida_X,Eukaryota,2,2
NA,MAST-3,Eukaryota,7,3
452332,Dacrymycetes,Eukaryota,5,5
33634,Stramenopiles_XXXX,Eukaryota,8,5
