family,census_otu_count,census_size_count,otu_percentage,size_percentage,eukprot_species_count,coverage_percentage,novelty_factor,overrepresentation_factor,direct_matches,lineage_matches,total_matches,match_status
Insecta,3087,19878,4.35,4.95,14,0.45,220.5,0.005,0,14,14,matched
Trypanosomatidae,147,1188,0.21,0.3,13,8.84,11.308,0.088,0,13,13,matched
Thalassiosiraceae,309,6048,0.44,1.51,11,3.56,28.091,0.036,0,11,11,matched
Peronosporales,373,2022,0.53,0.5,6,1.61,62.167,0.016,0,6,6,matched
Chloropicaceae,15,50,0.02,0.01,6,40.0,2.5,0.4,0,6,6,matched
Plasmodiidae,103,612,0.15,0.15,6,5.83,17.167,0.058,0,6,6,matched
Mammalia,257,852,0.36,0.21,6,2.33,42.833,0.023,0,6,6,matched
Neocallimastigaceae,10,79,0.01,0.02,5,50.0,2.0,0.5,0,5,5,matched
Vannellidae,56,94,0.08,0.02,5,8.93,11.2,0.089,0,5,5,matched
Teleostei,65,111,0.09,0.03,5,7.69,13.0,0.077,0,5,5,matched
Bathycoccaceae,308,6531,0.43,1.63,4,1.3,77.0,0.013,0,4,4,matched
Saprolegniales,5,126,0.01,0.03,4,80.0,1.25,0.8,0,4,4,matched
Hexamitidae,573,3242,0.81,0.81,4,0.7,143.25,0.007,0,4,4,matched
Theileriidae,101,1221,0.14,0.3,4,3.96,25.25,0.04,0,4,4,matched
Eurotiomycetes,604,6441,0.85,1.6,4,0.66,151.0,0.007,0,4,4,matched
Thoracosphaeraceae,468,2008,0.66,0.5,3,0.64,156.0,0.006,0,3,3,matched
Acanthamoebidae,123,773,0.17,0.19,3,2.44,41.0,0.024,0,3,3,matched
Ochromonadaceae,12,14,0.02,0.0,3,25.0,4.0,0.25,0,3,3,matched
Scyphozoa,13,32,0.02,0.01,3,23.08,4.333,0.231,0,3,3,matched
Oxytrichidae,800,7715,1.13,1.92,3,0.38,266.667,0.004,0,3,3,matched
Babesiidae,23,158,0.03,0.04,3,13.04,7.667,0.13,0,3,3,matched
Pelagomonadaceae,36,182,0.05,0.05,3,8.33,12.0,0.083,0,3,3,matched
Euglenaceae,470,1572,0.66,0.39,3,0.64,156.667,0.006,0,3,3,matched
Cryptosporidiidae,64,939,0.09,0.23,3,4.69,21.333,0.047,0,3,3,matched
Sarcocystidae,76,608,0.11,0.15,3,3.95,25.333,0.039,0,3,3,matched
Paramoebidae,54,81,0.08,0.02,3,5.56,18.0,0.056,0,3,3,matched
Saccharomycetales,233,2434,0.33,0.61,3,1.29,77.667,0.013,0,3,3,matched
Gregarinidae,130,692,0.18,0.17,3,2.31,43.333,0.023,0,3,3,matched
Cercomonadidae,154,294,0.22,0.07,2,1.3,77.0,0.013,0,2,2,matched
Selenastraceae,1,1,0.0,0.0,2,200.0,0.5,2.0,0,2,2,matched
Sordariomycetes,1305,9434,1.84,2.35,2,0.15,652.5,0.002,0,2,2,matched
Scytomonadidae,240,549,0.34,0.14,2,0.83,120.0,0.008,0,2,2,matched
Paulinellidae,17,24,0.02,0.01,2,11.76,8.5,0.118,0,2,2,matched
Spironemidae,20,81,0.03,0.02,2,10.0,10.0,0.1,0,2,2,matched
Agaricomycetes,759,5519,1.07,1.38,2,0.26,379.5,0.003,0,2,2,matched
Tremellomycetes,126,690,0.18,0.17,2,1.59,63.0,0.016,0,2,2,matched
Arachnida,130,496,0.18,0.12,2,1.54,65.0,0.015,0,2,2,matched
Mastigamoebidae,1609,10879,2.27,2.71,1,0.06,1609.0,0.001,0,1,1,matched
Parameciidae,65,547,0.09,0.14,1,1.54,65.0,0.015,0,1,1,matched
Glomerales,236,4813,0.33,1.2,1,0.42,236.0,0.004,0,1,1,matched
Branchiopoda,132,783,0.19,0.2,1,0.76,132.0,0.008,0,1,1,matched
Hartmannellidae,472,2106,0.67,0.52,1,0.21,472.0,0.002,0,1,1,matched
Aphelidiaceae,12,17,0.02,0.0,1,8.33,12.0,0.083,0,1,1,matched
Kickxellales,12,40,0.02,0.01,1,8.33,12.0,0.083,0,1,1,matched
Bodonidae,10,15,0.01,0.0,1,10.0,10.0,0.1,0,1,1,matched
Anthozoa,297,2971,0.42,0.74,1,0.34,297.0,0.003,0,1,1,matched
Amphibia,5,9,0.01,0.0,1,20.0,5.0,0.2,0,1,1,matched
Lepidosauria,4,42,0.01,0.01,1,25.0,4.0,0.25,0,1,1,matched
Ceratiaceae,3,65,0.0,0.02,1,33.33,3.0,0.333,0,1,1,matched
Schizosaccharomycetes,2,13,0.0,0.0,1,50.0,2.0,0.5,0,1,1,matched
Alphamonaceae,2,10,0.0,0.0,1,50.0,2.0,0.5,0,1,1,matched
Psalteriomonadidae,108,544,0.15,0.14,1,0.93,108.0,0.009,0,1,1,matched
Echinamoebidae,1,2,0.0,0.0,1,100.0,1.0,1.0,0,1,1,matched
Phaeodactylaceae,15,37,0.02,0.01,1,6.67,15.0,0.067,0,1,1,matched
Difflugina,151,397,0.21,0.1,1,0.66,151.0,0.007,0,1,1,matched
Taphrinomycetes,17,80,0.02,0.02,1,5.88,17.0,0.059,0,1,1,matched
Neovahlkampfiidae,211,780,0.3,0.19,1,0.47,211.0,0.005,0,1,1,matched
Labyrinthulaceae,62,238,0.09,0.06,1,1.61,62.0,0.016,0,1,1,matched
Harpellales,60,247,0.08,0.06,1,1.67,60.0,0.017,0,1,1,matched
Eimeriidae,68,535,0.1,0.13,1,1.47,68.0,0.015,0,1,1,matched
Digenea,190,955,0.27,0.24,1,0.53,190.0,0.005,0,1,1,matched
Spizellomycetaceae,52,167,0.07,0.04,1,1.92,52.0,0.019,0,1,1,matched
Picomonadidae,51,366,0.07,0.09,1,1.96,51.0,0.02,0,1,1,matched
Amoebidae,35,66,0.05,0.02,1,2.86,35.0,0.029,0,1,1,matched
Cafeteriaceae,18,75,0.03,0.02,1,5.56,18.0,0.056,0,1,1,matched
Gromiidae,33,56,0.05,0.01,1,3.03,33.0,0.03,0,1,1,matched
Blastocladiomycetes,29,147,0.04,0.04,1,3.45,29.0,0.034,0,1,1,matched
Rhabdomonadales,26,100,0.04,0.02,1,3.85,26.0,0.038,0,1,1,matched
Schizoplasmodiidae,124,320,0.17,0.08,1,0.81,124.0,0.008,0,1,1,matched
Coccomyxaceae,20,87,0.03,0.02,1,5.0,20.0,0.05,0,1,1,matched
Ustilaginomycetes,69,166,0.1,0.04,1,1.45,69.0,0.014,0,1,1,matched
Nebulidae,1,3,0.0,0.0,1,100.0,1.0,1.0,0,1,1,matched
Dothideomycetes,874,4225,1.23,1.05,0,0.0,inf,0.0,0,0,0,census_only
ARMOP1,6,9,0.01,0.0,0,0.0,inf,0.0,0,0,0,census_only
Balamuthiidae,8,12,0.01,0.0,0,0.0,inf,0.0,0,0,0,census_only
LKM74-lineage,8,10,0.01,0.0,0,0.0,inf,0.0,0,0,0,census_only
Ventrifissuridae,9,9,0.01,0.0,0,0.0,inf,0.0,0,0,0,census_only
Evaginogenida,9,17,0.01,0.0,0,0.0,inf,0.0,0,0,0,census_only
Reophacidae,10,34,0.01,0.01,0,0.0,inf,0.0,0,0,0,census_only
Vampyrellidae,10,18,0.01,0.0,0,0.0,inf,0.0,0,0,0,census_only
Nucleariidae_Nuclearia_2,11,30,0.02,0.01,0,0.0,inf,0.0,0,0,0,census_only
Prolecithophora,12,25,0.02,0.01,0,0.0,inf,0.0,0,0,0,census_only
Chytridiomycetaceae,12,82,0.02,0.02,0,0.0,inf,0.0,0,0,0,census_only
OLIGO2,13,158,0.02,0.04,0,0.0,inf,0.0,0,0,0,census_only
Ostreoida,13,29,0.02,0.01,0,0.0,inf,0.0,0,0,0,census_only
Allobodonidae,14,30,0.02,0.01,0,0.0,inf,0.0,0,0,0,census_only
MAST-12,15,27,0.02,0.01,0,0.0,inf,0.0,0,0,0,census_only
Amphitraemidae,16,60,0.02,0.01,0,0.0,inf,0.0,0,0,0,census_only
Dino-Group-II-Clade-21,17,78,0.02,0.02,0,0.0,inf,0.0,0,0,0,census_only
Diplophrydaceae,17,26,0.02,0.01,0,0.0,inf,0.0,0,0,0,census_only
Colpodellida_CHR1,18,70,0.03,0.02,0,0.0,inf,0.0,0,0,0,census_only
Lagynidae,18,66,0.03,0.02,0,0.0,inf,0.0,0,0,0,census_only
Dino-Group-II-Clade-14,19,51,0.03,0.01,0,0.0,inf,0.0,0,0,0,census_only
Xcellidae,19,22,0.03,0.01,0,0.0,inf,0.0,0,0,0,census_only
Ophryoglenida,19,444,0.03,0.11,0,0.0,inf,0.0,0,0,0,census_only
Thaumatomonadidae,8,9,0.01,0.0,0,0.0,inf,0.0,0,0,0,census_only
Leptomyxidae,5,6,0.01,0.0,0,0.0,inf,0.0,0,0,0,census_only
Sandonidae,645,3733,0.91,0.93,0,0.0,inf,0.0,0,0,0,census_only
Choanocystidae,5,6,0.01,0.0,0,0.0,inf,0.0,0,0,0,census_only
Massiteriidae,1,2,0.0,0.0,0,0.0,inf,0.0,0,0,0,census_only
Haliphthorales,1,2,0.0,0.0,0,0.0,inf,0.0,0,0,0,census_only
Corallicolidae,2,2,0.0,0.0,0,0.0,inf,0.0,0,0,0,census_only
Cryothecomonas-lineage,2,3,0.0,0.0,0,0.0,inf,0.0,0,0,0,census_only
Sphaerozoidae,2,3,0.0,0.0,0,0.0,inf,0.0,0,0,0,census_only
NC12B-lineage,3,11,0.0,0.0,0,0.0,inf,0.0,0,0,0,census_only
MAST-3,3,7,0.0,0.0,0,0.0,inf,0.0,0,0,0,census_only
Lipomycetaceae,3,6,0.0,0.0,0,0.0,inf,0.0,0,0,0,census_only
Hartmannulidae,3,6,0.0,0.0,0,0.0,inf,0.0,0,0,0,census_only
Rhizophydiaceae,3,45,0.0,0.01,0,0.0,inf,0.0,0,0,0,census_only
Adeleidae,3,3,0.0,0.0,0,0.0,inf,0.0,0,0,0,census_only
Nibbleridae,3,11,0.0,0.0,0,0.0,inf,0.0,0,0,0,census_only
Paracercomonadidae,4,4,0.01,0.0,0,0.0,inf,0.0,0,0,0,census_only
Rhynchomonadidae,4,14,0.01,0.0,0,0.0,inf,0.0,0,0,0,census_only
Mataza-lineage,4,5,0.01,0.0,0,0.0,inf,0.0,0,0,0,census_only
Allapsidae,4,6,0.01,0.0,0,0.0,inf,0.0,0,0,0,census_only
Limnofilidae,4,6,0.01,0.0,0,0.0,inf,0.0,0,0,0,census_only
CCW10-lineage,4,6,0.01,0.0,0,0.0,inf,0.0,0,0,0,census_only
Novel-Clade-4,5,6,0.01,0.0,0,0.0,inf,0.0,0,0,0,census_only
Nucleohelea,5,14,0.01,0.0,0,0.0,inf,0.0,0,0,0,census_only
Dacrymycetes,5,5,0.01,0.0,0,0.0,inf,0.0,0,0,0,census_only
Stylocephalidae,20,39,0.03,0.01,0,0.0,inf,0.0,0,0,0,census_only
Rhabdocoela,21,58,0.03,0.01,0,0.0,inf,0.0,0,0,0,census_only
NC12A-lineage,22,45,0.03,0.01,0,0.0,inf,0.0,0,0,0,census_only
Distigmidae,24,188,0.03,0.05,0,0.0,inf,0.0,0,0,0,census_only
Dino-Group-II-Clade-1,80,328,0.11,0.08,0,0.0,inf,0.0,0,0,0,census_only
Endostelium-lineage,82,179,0.12,0.04,0,0.0,inf,0.0,0,0,0,census_only
Dino-Group-II-Clade-3,92,284,0.13,0.07,0,0.0,inf,0.0,0,0,0,census_only
Dino-Group-I-Clade-1,116,2072,0.16,0.52,0,0.0,inf,0.0,0,0,0,census_only
Rhogostoma-lineage,134,853,0.19,0.21,0,0.0,inf,0.0,0,0,0,census_only
Nolandellidae,142,405,0.2,0.1,0,0.0,inf,0.0,0,0,0,census_only
Salpingoecidae_Group_C1,148,357,0.21,0.09,0,0.0,inf,0.0,0,0,0,census_only
Actinocephalidae,172,567,0.24,0.14,0,0.0,inf,0.0,0,0,0,census_only
WIM80-lineage,173,656,0.24,0.16,0,0.0,inf,0.0,0,0,0,census_only
Sessilida,174,1759,0.25,0.44,0,0.0,inf,0.0,0,0,0,census_only
Dino-Group-I-Clade-4,182,1189,0.26,0.3,0,0.0,inf,0.0,0,0,0,census_only
Dino-Group-I-Clade-5,196,1050,0.28,0.26,0,0.0,inf,0.0,0,0,0,census_only
Acantharea_3a,208,1225,0.29,0.31,0,0.0,inf,0.0,0,0,0,census_only
Lecanoromycetes,220,1048,0.31,0.26,0,0.0,inf,0.0,0,0,0,census_only
Dileptidae,253,2935,0.36,0.73,0,0.0,inf,0.0,0,0,0,census_only
Dino-Group-II-Clade-6,286,4127,0.4,1.03,0,0.0,inf,0.0,0,0,0,census_only
Maxillopoda,290,3923,0.41,0.98,0,0.0,inf,0.0,0,0,0,census_only
Exobasidiomycetes,306,11775,0.43,2.93,0,0.0,inf,0.0,0,0,0,census_only
Leotiomycetes,374,2629,0.53,0.66,0,0.0,inf,0.0,0,0,0,census_only
Dino-Group-II-Clade-10-and-11,415,1595,0.59,0.4,0,0.0,inf,0.0,0,0,0,census_only
Dino-Group-II-Clade-7,547,1828,0.77,0.46,0,0.0,inf,0.0,0,0,0,census_only
AND16-lineage,75,194,0.11,0.05,0,0.0,inf,0.0,0,0,0,census_only
Blastocystis-Group,72,618,0.1,0.15,0,0.0,inf,0.0,0,0,0,census_only
Phryganellina,62,148,0.09,0.04,0,0.0,inf,0.0,0,0,0,census_only
Collophidiidae,42,87,0.06,0.02,0,0.0,inf,0.0,0,0,0,census_only
Dysteriidae,25,115,0.04,0.03,0,0.0,inf,0.0,0,0,0,census_only
Tholoniidae,26,77,0.04,0.02,0,0.0,inf,0.0,0,0,0,census_only
Paradinidae,27,43,0.04,0.01,0,0.0,inf,0.0,0,0,0,census_only
Tokophryidae,33,176,0.05,0.04,0,0.0,inf,0.0,0,0,0,census_only
Merostomata,36,122,0.05,0.03,0,0.0,inf,0.0,0,0,0,census_only
Acinetidae_2,37,104,0.05,0.03,0,0.0,inf,0.0,0,0,0,census_only
Urotrichidae,38,128,0.05,0.03,0,0.0,inf,0.0,0,0,0,census_only
Pseudocolliniidae,40,96,0.06,0.02,0,0.0,inf,0.0,0,0,0,census_only
Novel-Gran-6,42,142,0.06,0.04,0,0.0,inf,0.0,0,0,0,census_only
Neobodonidae,43,74,0.06,0.02,0,0.0,inf,0.0,0,0,0,census_only
Flamella-lineage,62,262,0.09,0.07,0,0.0,inf,0.0,0,0,0,census_only
Caenogastropoda,45,225,0.06,0.06,0,0.0,inf,0.0,0,0,0,census_only
Mb5C-lineage,46,111,0.06,0.03,0,0.0,inf,0.0,0,0,0,census_only
Vermamoebidae,46,155,0.06,0.04,0,0.0,inf,0.0,0,0,0,census_only
Protaspa-lineage,48,92,0.07,0.02,0,0.0,inf,0.0,0,0,0,census_only
NPK2-lineage,48,137,0.07,0.03,0,0.0,inf,0.0,0,0,0,census_only
Mariager-Fjord-lineage,50,198,0.07,0.05,0,0.0,inf,0.0,0,0,0,census_only
Sey055-lineage,50,123,0.07,0.03,0,0.0,inf,0.0,0,0,0,census_only
Bicoecaceae,57,469,0.08,0.12,0,0.0,inf,0.0,0,0,0,census_only
LOS7N/I-lineage,60,299,0.08,0.07,0,0.0,inf,0.0,0,0,0,census_only
Skeletonemaceae,1,1,0.0,0.0,0,0.0,inf,0.0,0,0,0,census_only
