"Taxon","census_taxid","census_otu_count","census_size_count","otu_percentage","size_percentage","ncbi_genome_count","ncbi_species_count","genome_pct_db","species_pct","direct_name_matches","direct_taxid_matches","hierarchical_taxid_matches","lineage_name_matches","total_matches","match_status","domain","isolate_count","isolate_percentage","novelty_factor","overrepresentation_factor","Circle_Size","Phylum","Is_Top_Novelty","Is_Top_Coverage"
"Fervidicoccaceae","685949",27,75,0.01,0.01,68,3,0,0,0,0,3,0,3,"matched","Archaea",2,2.94,9,0.111,20,"Thermoproteota",TRUE,FALSE
"Nitrosopumilaceae","338190",529,4381,0.22,0.39,1035,59,0.03,0.06,0,0,59,0,59,"matched","Archaea",84,8.12,8.966,0.112,20,"Nitrososphaerota",TRUE,FALSE
"Nitrososphaeraceae","1033997",273,3133,0.11,0.28,897,31,0.03,0.03,0,0,31,0,31,"matched","Archaea",18,2.01,8.806,0.114,20,"Nitrososphaerota",TRUE,FALSE
"Methanotrichaceae","143067",246,1914,0.1,0.17,400,37,0.01,0.04,0,0,37,0,37,"matched","Archaea",5,1.25,6.649,0.15,20,"Euryarchaeota",TRUE,FALSE
"Methanospirillaceae","196137",58,314,0.02,0.03,66,9,0,0.01,0,0,9,0,9,"matched","Archaea",15,22.73,6.444,0.155,15,"Euryarchaeota",TRUE,FALSE
"Thermoplasmataceae","46659",37,86,0.02,0.01,64,6,0,0.01,0,0,6,0,6,"matched","Archaea",8,12.5,6.167,0.162,15,"Thermoplasmatota",TRUE,FALSE
"Nanoarchaeaceae","1890941",17,55,0.01,0,3,3,0,0,0,0,3,0,3,"matched","Archaea",1,33.33,5.667,0.176,15,"Nanobdellota",TRUE,FALSE
"Methanocellaceae","570265",60,235,0.02,0.02,32,12,0,0.01,0,0,12,0,12,"matched","Archaea",6,18.75,5,0.2,15,"Euryarchaeota",TRUE,FALSE
"Halobacteriaceae","2236",190,710,0.08,0.06,146,44,0,0.04,0,0,44,0,44,"matched","Archaea",83,56.85,4.318,0.232,10,"Euryarchaeota",TRUE,FALSE
"Caldisphaeraceae","255472",8,36,0,0,19,2,0,0,0,0,2,0,2,"matched","Archaea",1,5.26,4,0.25,20,"Thermoproteota",TRUE,FALSE
"Picrophilaceae","46630",1,2,0,0,3,2,0,0,0,0,2,0,2,"matched","Archaea",2,66.67,0.5,2,10,"Thermoplasmatota",FALSE,TRUE
"Thermococcaceae","2259",48,369,0.02,0.03,258,83,0.01,0.08,0,0,83,0,83,"matched","Archaea",101,39.15,0.578,1.729,15,"Euryarchaeota",FALSE,TRUE
"Methanopyraceae","183713",3,16,0,0,29,5,0,0,0,0,5,0,5,"matched","Archaea",3,10.34,0.6,1.667,15,"Euryarchaeota",FALSE,TRUE
"Methanomassiliicoccaceae","1577788",52,550,0.02,0.05,250,84,0.01,0.08,0,0,84,0,84,"matched","Archaea",31,12.4,0.619,1.615,15,"Thermoplasmatota",FALSE,TRUE
"Haloferacaceae","1644056",220,653,0.09,0.06,536,290,0.02,0.28,0,0,290,0,290,"matched","Archaea",419,78.17,0.759,1.318,10,"Euryarchaeota",FALSE,TRUE
"Cenarchaeaceae","205957",14,78,0.01,0.01,34,17,0,0.02,0,0,17,0,17,"matched","Archaea",0,0,0.824,1.214,25,"Other",FALSE,TRUE
"Natrialbaceae","1644061",131,452,0.05,0.04,213,155,0.01,0.15,0,0,155,0,155,"matched","Archaea",182,85.45,0.845,1.183,10,"Euryarchaeota",FALSE,TRUE
"Halorubraceae","1644056",263,1265,0.11,0.11,536,290,0.02,0.28,0,0,290,0,290,"matched","Archaea",419,78.17,0.907,1.103,10,"Other",FALSE,TRUE
"Acidilobaceae","871007",21,131,0.01,0.01,228,18,0.01,0.02,0,0,18,0,18,"matched","Archaea",4,1.75,1.167,0.857,20,"Thermoproteota",FALSE,FALSE
"Archaeoglobaceae","2232",66,307,0.03,0.03,314,41,0.01,0.04,0,0,41,0,41,"matched","Archaea",12,3.82,1.61,0.621,20,"Euryarchaeota",FALSE,FALSE
"Cuniculiplasmataceae","1747776",6,23,0,0,18,5,0,0,0,0,5,0,5,"matched","Archaea",6,33.33,1.2,0.833,15,"Thermoplasmatota",FALSE,FALSE
"Desulfurococcaceae","2272",145,535,0.06,0.05,557,37,0.02,0.04,0,0,37,0,37,"matched","Archaea",24,4.31,3.919,0.255,20,"Thermoproteota",FALSE,FALSE
"Ferroplasmaceae","90142",31,78,0.01,0.01,120,10,0,0.01,0,0,10,0,10,"matched","Archaea",9,7.5,3.1,0.323,20,"Thermoplasmatota",FALSE,FALSE
"Haloarculaceae","1963268",223,765,0.09,0.07,255,129,0.01,0.13,0,0,129,0,129,"matched","Archaea",179,70.2,1.729,0.578,10,"Euryarchaeota",FALSE,FALSE
"Halococcaceae","1963270",32,105,0.01,0.01,39,23,0,0.02,0,0,23,0,23,"matched","Archaea",31,79.49,1.391,0.719,10,"Euryarchaeota",FALSE,FALSE
"Methanobacteriaceae","2159",420,3102,0.17,0.27,1363,183,0.05,0.18,0,0,183,0,183,"matched","Archaea",233,17.09,2.295,0.436,15,"Euryarchaeota",FALSE,FALSE
"Methanocalculaceae","1460864",22,73,0.01,0.01,25,11,0,0.01,0,0,11,0,11,"matched","Archaea",6,24,2,0.5,15,"Euryarchaeota",FALSE,FALSE
"Methanocaldococcaceae","196117",52,172,0.02,0.02,38,16,0,0.02,0,0,16,0,16,"matched","Archaea",17,44.74,3.25,0.308,15,"Euryarchaeota",FALSE,FALSE
"Methanococcaceae","2183",24,118,0.01,0.01,70,17,0,0.02,0,0,17,0,17,"matched","Archaea",40,57.14,1.412,0.708,10,"Euryarchaeota",FALSE,FALSE
"Methanocorpusculaceae","88404",25,149,0.01,0.01,324,23,0.01,0.02,0,0,23,0,23,"matched","Archaea",9,2.78,1.087,0.92,20,"Euryarchaeota",FALSE,FALSE
"Methanomicrobiaceae","2194",161,851,0.07,0.08,304,85,0.01,0.08,0,0,85,0,85,"matched","Archaea",62,20.39,1.894,0.528,15,"Euryarchaeota",FALSE,FALSE
"Methanonatronarchaeaceae","2202724",12,24,0,0,4,4,0,0,0,0,4,0,4,"matched","Archaea",3,75,3,0.333,10,"Euryarchaeota",FALSE,FALSE
"Methanoregulaceae","1198451",140,1201,0.06,0.11,454,51,0.02,0.05,0,0,51,0,51,"matched","Archaea",5,1.1,2.745,0.364,20,"Euryarchaeota",FALSE,FALSE
"Methanosarcinaceae","2206",209,1577,0.08,0.14,511,139,0.02,0.14,0,0,139,0,139,"matched","Archaea",179,35.03,1.504,0.665,15,"Euryarchaeota",FALSE,FALSE
"Methanothermaceae","2178",3,6,0,0,1,1,0,0,0,0,1,0,1,"matched","Archaea",1,100,3,0.333,10,"Euryarchaeota",FALSE,FALSE
"Methermicoccaceae","660062",3,8,0,0,10,3,0,0,0,0,3,0,3,"matched","Archaea",1,10,1,1,15,"Euryarchaeota",FALSE,FALSE
"Nanopusillaceae","1890942",8,150,0,0.01,46,5,0,0,0,0,5,0,5,"matched","Archaea",5,10.87,1.6,0.625,15,"Nanobdellota",FALSE,FALSE
"Natronoarchaeaceae","2976354",24,87,0.01,0.01,32,20,0,0.02,0,0,20,0,20,"matched","Archaea",19,59.38,1.2,0.833,10,"Euryarchaeota",FALSE,FALSE
"Pyrodictiaceae","2307",21,63,0.01,0.01,83,11,0,0.01,0,0,11,0,11,"matched","Archaea",7,8.43,1.909,0.524,20,"Thermoproteota",FALSE,FALSE
"Sulfolobaceae","118883",87,481,0.04,0.04,392,66,0.01,0.06,0,0,66,0,66,"matched","Archaea",175,44.64,1.318,0.759,15,"Thermoproteota",FALSE,FALSE
"Thermofilaceae","114378",41,181,0.02,0.02,187,15,0.01,0.01,0,0,15,0,15,"matched","Archaea",8,4.28,2.733,0.366,20,"Thermoproteota",FALSE,FALSE
"Thermoproteaceae","2267",112,510,0.05,0.05,242,49,0.01,0.05,0,0,49,0,49,"matched","Archaea",36,14.88,2.286,0.438,15,"Thermoproteota",FALSE,FALSE
