"Taxon","census_otu_count","census_size_count","otu_percentage","size_percentage","ncbi_genome_count","ncbi_species_count","isolate_count","genome_pct_db","species_pct","isolate_percentage","novelty_factor","overrepresentation_factor","direct_matches","taxid_matches","lineage_matches","total_matches","match_status","domain","coverage_percentage","Circle_Size","Phylum","Is_Top_Novelty","Is_Top_Coverage"
"Thermoanaerobaculaceae",708,2663,0.27,0.22,39,4,1,0,0.01,2.56,177,0.006,1,1,-1,1,"matched","Bacteria",NA,20,"Thermoanaerobaculaceae",TRUE,FALSE
"Thioalkalispiraceae",156,362,0.06,0.03,10,1,0,0,0,0,156,0.006,1,1,-1,1,"matched","Bacteria",NA,25,"Thioalkalispiraceae",TRUE,FALSE
"Blastocatellaceae",430,1683,0.16,0.14,53,3,0,0,0,0,143.333,0.007,1,1,-1,1,"matched","Bacteria",NA,25,"Blastocatellaceae",TRUE,FALSE
"Kofleriaceae",749,3138,0.29,0.26,167,6,2,0.01,0.01,1.2,124.833,0.008,1,1,-1,1,"matched","Bacteria",NA,20,"Kofleriaceae",TRUE,FALSE
"Pyrinomonadaceae",659,3239,0.25,0.27,741,6,1,0.03,0.01,0.13,109.833,0.009,1,1,-1,1,"matched","Bacteria",NA,20,"Pyrinomonadaceae",TRUE,FALSE
"Microscillaceae",617,2545,0.24,0.21,12,6,2,0,0.01,16.67,102.833,0.01,1,1,-1,1,"matched","Bacteria",NA,15,"Microscillaceae",TRUE,FALSE
"Longimicrobiaceae",301,757,0.11,0.06,82,3,3,0,0,3.66,100.333,0.01,1,1,-1,1,"matched","Bacteria",NA,20,"Longimicrobiaceae",TRUE,FALSE
"Chthoniobacteraceae",791,4749,0.3,0.4,281,8,2,0.01,0.01,0.71,98.875,0.01,1,1,-1,1,"matched","Bacteria",NA,20,"Chthoniobacteraceae",TRUE,FALSE
"Vicinamibacteraceae",549,2228,0.21,0.19,58,6,2,0,0.01,3.45,91.5,0.011,1,1,-1,1,"matched","Bacteria",NA,20,"Vicinamibacteraceae",TRUE,FALSE
"Oligoflexaceae",299,838,0.11,0.07,15,4,2,0,0.01,13.33,74.75,0.013,1,1,-1,1,"matched","Bacteria",NA,15,"Oligoflexaceae",TRUE,FALSE
"Gloeomargaritaceae",1,16,0,0,28,28,2,0,0.04,7.14,0.036,28,1,1,-1,1,"matched","Bacteria",NA,20,"Gloeomargaritaceae",FALSE,TRUE
"Bartonellaceae",15,196,0.01,0.02,555,278,503,0.02,0.35,90.63,0.054,18.533,1,1,-1,1,"matched","Bacteria",NA,10,"Bartonellaceae",FALSE,TRUE
"Breoghaniaceae",7,13,0,0,323,128,168,0.01,0.16,52.01,0.055,18.286,0,1,0,1,"matched","Bacteria",NA,10,"Breoghaniaceae",FALSE,TRUE
"Chlorobiaceae",2,3,0,0,658,36,34,0.03,0.05,5.17,0.056,18,1,1,-1,1,"matched","Bacteria",NA,20,"Chlorobiaceae",FALSE,TRUE
"Thermosynechococcaceae",5,24,0,0,66,51,39,0,0.06,59.09,0.098,10.2,1,1,-1,1,"matched","Bacteria",NA,10,"Thermosynechococcaceae",FALSE,TRUE
"Simkaniaceae",1,1,0,0,37,9,4,0,0.01,10.81,0.111,9,1,1,-1,1,"matched","Bacteria",NA,15,"Simkaniaceae",FALSE,TRUE
"Ancalomicrobiaceae",1,11,0,0,14,8,8,0,0.01,57.14,0.125,8,1,1,-1,1,"matched","Bacteria",NA,10,"Ancalomicrobiaceae",FALSE,TRUE
"Metamycoplasmataceae",11,58,0,0,1524,81,1467,0.06,0.1,96.26,0.136,7.364,1,1,-1,1,"matched","Bacteria",NA,10,"Metamycoplasmataceae",FALSE,TRUE
"Sirenicapillariaceae",5,24,0,0,51,35,13,0,0.04,25.49,0.143,7,1,1,-1,1,"matched","Bacteria",NA,15,"Sirenicapillariaceae",FALSE,TRUE
"Chlamydiaceae",5,47,0,0,785,32,752,0.03,0.04,95.8,0.156,6.4,1,1,-1,1,"matched","Bacteria",NA,10,"Chlamydiaceae",FALSE,TRUE
"Acanthopleuribacteraceae",45,72,0.02,0.01,4,3,2,0,0,50,15,0.067,1,1,-1,1,"matched","Bacteria",NA,10,"Acanthopleuribacteraceae",FALSE,FALSE
"Acaryochloridaceae",8,25,0,0,25,19,7,0,0.02,28,0.421,2.375,1,1,-1,1,"matched","Bacteria",NA,15,"Acaryochloridaceae",FALSE,FALSE
"Acetobacteraceae",980,5189,0.37,0.43,1873,290,669,0.08,0.37,35.72,3.379,0.296,1,1,-1,1,"matched","Bacteria",NA,15,"Acetobacteraceae",FALSE,FALSE
"Acetomicrobiaceae",21,128,0.01,0.01,37,10,6,0,0.01,16.22,2.1,0.476,1,1,-1,1,"matched","Bacteria",NA,15,"Acetomicrobiaceae",FALSE,FALSE
"Acholeplasmataceae",417,1763,0.16,0.15,594,118,150,0.02,0.15,25.25,3.534,0.283,1,1,-1,1,"matched","Bacteria",NA,15,"Acholeplasmataceae",FALSE,FALSE
"Acidaminococcaceae",296,1403,0.11,0.12,1349,39,77,0.06,0.05,5.71,7.59,0.132,1,1,-1,1,"matched","Bacteria",NA,20,"Acidaminococcaceae",FALSE,FALSE
"Acidiferrobacteraceae",106,532,0.04,0.04,188,10,5,0.01,0.01,2.66,10.6,0.094,1,1,-1,1,"matched","Bacteria",NA,20,"Acidiferrobacteraceae",FALSE,FALSE
"Acidimicrobiaceae",44,194,0.02,0.02,2361,42,45,0.1,0.05,1.91,1.048,0.955,1,1,-1,1,"matched","Bacteria",NA,20,"Acidimicrobiaceae",FALSE,FALSE
"Acidithiobacillaceae",137,457,0.05,0.04,281,39,132,0.01,0.05,46.98,3.513,0.285,1,1,-1,1,"matched","Bacteria",NA,15,"Acidithiobacillaceae",FALSE,FALSE
"Acidobacteriaceae",334,2801,0.13,0.23,2248,108,107,0.09,0.14,4.76,3.093,0.323,1,1,-1,1,"matched","Bacteria",NA,20,"Acidobacteriaceae",FALSE,FALSE
"Acidothermaceae",153,2296,0.06,0.19,20,4,2,0,0.01,10,38.25,0.026,1,1,-1,1,"matched","Bacteria",NA,15,"Acidothermaceae",FALSE,FALSE
"Actinomycetaceae",377,1477,0.14,0.12,1627,261,720,0.07,0.33,44.25,1.444,0.692,1,1,-1,1,"matched","Bacteria",NA,15,"Actinomycetaceae",FALSE,FALSE
"Actinopolymorphaceae",7,38,0,0,18,10,13,0,0.01,72.22,0.7,1.429,1,1,-1,1,"matched","Bacteria",NA,10,"Actinopolymorphaceae",FALSE,FALSE
"Actinopolysporaceae",8,44,0,0,15,13,15,0,0.02,100,0.615,1.625,1,1,-1,1,"matched","Bacteria",NA,10,"Actinopolysporaceae",FALSE,FALSE
"Actinospicaceae",55,305,0.02,0.03,24,7,9,0,0.01,37.5,7.857,0.127,1,1,-1,1,"matched","Bacteria",NA,15,"Actinospicaceae",FALSE,FALSE
"Aerococcaceae",113,357,0.04,0.03,479,96,334,0.02,0.12,69.73,1.177,0.85,1,1,-1,1,"matched","Bacteria",NA,10,"Aerococcaceae",FALSE,FALSE
"Aeromonadaceae",327,1980,0.12,0.17,3845,314,3676,0.16,0.4,95.6,1.041,0.96,1,1,-1,1,"matched","Bacteria",NA,10,"Aeromonadaceae",FALSE,FALSE
"Afifellaceae",11,22,0,0,23,10,12,0,0.01,52.17,1.1,0.909,1,1,-1,1,"matched","Bacteria",NA,10,"Afifellaceae",FALSE,FALSE
"Ahrensiaceae",56,144,0.02,0.01,79,21,21,0,0.03,26.58,2.667,0.375,1,1,-1,1,"matched","Bacteria",NA,15,"Ahrensiaceae",FALSE,FALSE
"Akkermansiaceae",206,1200,0.08,0.1,3461,128,824,0.15,0.16,23.81,1.609,0.621,1,1,-1,1,"matched","Bacteria",NA,15,"Akkermansiaceae",FALSE,FALSE
"Alcaligenaceae",403,3876,0.15,0.32,4024,313,3147,0.17,0.4,78.21,1.288,0.777,1,1,-1,1,"matched","Bacteria",NA,10,"Alcaligenaceae",FALSE,FALSE
"Alcanivoracaceae",190,1091,0.07,0.09,411,114,91,0.02,0.15,22.14,1.667,0.6,1,1,-1,1,"matched","Bacteria",NA,15,"Alcanivoracaceae",FALSE,FALSE
"Algiphilaceae",6,20,0,0,20,4,3,0,0.01,15,1.5,0.667,1,1,-1,1,"matched","Bacteria",NA,15,"Algiphilaceae",FALSE,FALSE
"Alicyclobacillaceae",176,745,0.07,0.06,124,57,89,0.01,0.07,71.77,3.088,0.324,1,1,-1,1,"matched","Bacteria",NA,10,"Alicyclobacillaceae",FALSE,FALSE
"Aliterellaceae",11,25,0,0,5,4,2,0,0.01,40,2.75,0.364,1,1,-1,1,"matched","Bacteria",NA,15,"Aliterellaceae",FALSE,FALSE
"Alsobacteraceae",6,125,0,0.01,23,6,4,0,0.01,17.39,1,1,1,1,-1,1,"matched","Bacteria",NA,15,"Alsobacteraceae",FALSE,FALSE
"Alteromonadaceae",514,2140,0.2,0.18,1054,286,383,0.04,0.36,36.34,1.797,0.556,1,1,-1,1,"matched","Bacteria",NA,15,"Alteromonadaceae",FALSE,FALSE
"Aminiphilaceae",6,17,0,0,5,3,1,0,0,20,2,0.5,1,1,-1,1,"matched","Bacteria",NA,15,"Aminiphilaceae",FALSE,FALSE
"Aminobacteriaceae",117,296,0.04,0.02,135,30,7,0.01,0.04,5.19,3.9,0.256,1,1,-1,1,"matched","Bacteria",NA,20,"Aminobacteriaceae",FALSE,FALSE
"Amoebophilaceae",157,537,0.06,0.04,40,23,20,0,0.03,50,6.826,0.146,1,1,-1,1,"matched","Bacteria",NA,10,"Amoebophilaceae",FALSE,FALSE
"Amorphaceae",15,42,0.01,0,13,11,12,0,0.01,92.31,1.364,0.733,1,1,-1,1,"matched","Bacteria",NA,10,"Amorphaceae",FALSE,FALSE
"Anaerolineaceae",2466,12800,0.94,1.07,1292,95,18,0.05,0.12,1.39,25.958,0.039,1,1,-1,1,"matched","Bacteria",NA,20,"Anaerolineaceae",FALSE,FALSE
"Anaeromyxobacteraceae",170,951,0.06,0.08,140,20,16,0.01,0.03,11.43,8.5,0.118,1,1,-1,1,"matched","Bacteria",NA,15,"Anaeromyxobacteraceae",FALSE,FALSE
"Anaeroplasmataceae",114,514,0.04,0.04,589,5,1,0.02,0.01,0.17,22.8,0.044,1,1,-1,1,"matched","Bacteria",NA,20,"Anaeroplasmataceae",FALSE,FALSE
"Anaerovoracaceae",456,1143,0.17,0.1,805,66,57,0.03,0.08,7.08,6.909,0.145,1,1,-1,1,"matched","Bacteria",NA,20,"Anaerovoracaceae",FALSE,FALSE
"Anaplasmataceae",296,1229,0.11,0.1,1864,385,608,0.08,0.49,32.62,0.769,1.301,1,1,-1,1,"matched","Bacteria",NA,15,"Anaplasmataceae",FALSE,FALSE
"Antricoccaceae",6,14,0,0,3,2,1,0,0,33.33,3,0.333,1,1,-1,1,"matched","Bacteria",NA,15,"Antricoccaceae",FALSE,FALSE
"Aphanizomenonaceae",39,662,0.01,0.06,393,76,114,0.02,0.1,29.01,0.513,1.949,1,1,-1,1,"matched","Bacteria",NA,15,"Aphanizomenonaceae",FALSE,FALSE
"Aphanothecaceae",18,156,0.01,0.01,60,21,29,0,0.03,48.33,0.857,1.167,1,1,-1,1,"matched","Bacteria",NA,15,"Aphanothecaceae",FALSE,FALSE
"Aquificaceae",72,511,0.03,0.04,309,28,19,0.01,0.04,6.15,2.571,0.389,1,1,-1,1,"matched","Bacteria",NA,20,"Aquificaceae",FALSE,FALSE
"Archangiaceae",36,318,0.01,0.03,110,25,35,0,0.03,31.82,1.44,0.694,1,1,-1,1,"matched","Bacteria",NA,15,"Archangiaceae",FALSE,FALSE
"Arcobacteraceae",385,1780,0.15,0.15,915,81,672,0.04,0.1,73.44,4.753,0.21,1,1,-1,1,"matched","Bacteria",NA,10,"Arcobacteraceae",FALSE,FALSE
"Ardenticatenaceae",59,110,0.02,0.01,79,4,2,0,0.01,2.53,14.75,0.068,1,1,-1,1,"matched","Bacteria",NA,20,"Ardenticatenaceae",FALSE,FALSE
"Arenicellaceae",199,690,0.08,0.06,55,7,4,0,0.01,7.27,28.429,0.035,1,1,-1,1,"matched","Bacteria",NA,20,"Arenicellaceae",FALSE,FALSE
"Armatimonadaceae",23,511,0.01,0.04,23,4,1,0,0.01,4.35,5.75,0.174,1,1,-1,1,"matched","Bacteria",NA,20,"Armatimonadaceae",FALSE,FALSE
"Atopobiaceae",114,665,0.04,0.06,1395,154,138,0.06,0.2,9.89,0.74,1.351,1,1,-1,1,"matched","Bacteria",NA,20,"Atopobiaceae",FALSE,FALSE
"Aurantimonadaceae",60,248,0.02,0.02,152,88,113,0.01,0.11,74.34,0.682,1.467,1,1,-1,1,"matched","Bacteria",NA,10,"Aurantimonadaceae",FALSE,FALSE
"Azonexaceae",105,580,0.04,0.05,246,33,33,0.01,0.04,13.41,3.182,0.314,1,1,-1,1,"matched","Bacteria",NA,15,"Azonexaceae",FALSE,FALSE
"Azospirillaceae",210,1213,0.08,0.1,341,93,160,0.01,0.12,46.92,2.258,0.443,1,1,-1,1,"matched","Bacteria",NA,15,"Azospirillaceae",FALSE,FALSE
"Bacillaceae",4810,22660,1.83,1.9,17899,2854,17361,0.75,3.64,96.99,1.685,0.593,1,1,-1,1,"matched","Bacteria",NA,10,"Bacillaceae",FALSE,FALSE
"Bacteriovoracaceae",445,1603,0.17,0.13,327,43,16,0.01,0.05,4.89,10.349,0.097,1,1,-1,1,"matched","Bacteria",NA,20,"Bacteriovoracaceae",FALSE,FALSE
"Bacteroidaceae",1171,6085,0.45,0.51,16288,367,6360,0.68,0.47,39.05,3.191,0.313,1,1,-1,1,"matched","Bacteria",NA,15,"Bacteroidaceae",FALSE,FALSE
"Balneatrichaceae",2,2,0,0,10,5,9,0,0.01,90,0.4,2.5,1,1,-1,1,"matched","Bacteria",NA,10,"Balneatrichaceae",FALSE,FALSE
"Balneicellaceae",1,1,0,0,1,1,1,0,0,100,1,1,1,1,-1,1,"matched","Bacteria",NA,10,"Balneicellaceae",FALSE,FALSE
"Barnesiellaceae",110,548,0.04,0.05,496,23,47,0.02,0.03,9.48,4.783,0.209,1,1,-1,1,"matched","Bacteria",NA,20,"Barnesiellaceae",FALSE,FALSE
"Beijerinckiaceae",351,1602,0.13,0.13,276,31,29,0.01,0.04,10.51,11.323,0.088,1,1,-1,1,"matched","Bacteria",NA,15,"Beijerinckiaceae",FALSE,FALSE
"Bernardetiaceae",18,131,0.01,0.01,16,8,6,0,0.01,37.5,2.25,0.444,1,1,-1,1,"matched","Bacteria",NA,15,"Bernardetiaceae",FALSE,FALSE
"Beutenbergiaceae",9,24,0,0,19,8,8,0,0.01,42.11,1.125,0.889,1,1,-1,1,"matched","Bacteria",NA,15,"Beutenbergiaceae",FALSE,FALSE
"Bifidobacteriaceae",153,1829,0.06,0.15,8126,374,4834,0.34,0.48,59.49,0.409,2.444,1,1,-1,1,"matched","Bacteria",NA,10,"Bifidobacteriaceae",FALSE,FALSE
"Blastochloridaceae",3,28,0,0,16,6,5,0,0.01,31.25,0.5,2,1,1,-1,1,"matched","Bacteria",NA,15,"Blastochloridaceae",FALSE,FALSE
"Blattabacteriaceae",135,436,0.05,0.04,97,13,94,0,0.02,96.91,10.385,0.096,1,1,-1,1,"matched","Bacteria",NA,10,"Blattabacteriaceae",FALSE,FALSE
"Bogoriellaceae",36,86,0.01,0.01,51,32,41,0,0.04,80.39,1.125,0.889,1,1,-1,1,"matched","Bacteria",NA,10,"Bogoriellaceae",FALSE,FALSE
"Borreliaceae",23,160,0.01,0.01,917,48,916,0.04,0.06,99.89,0.479,2.087,1,1,-1,1,"matched","Bacteria",NA,10,"Borreliaceae",FALSE,FALSE
"Boseaceae",53,286,0.02,0.02,151,75,76,0.01,0.1,50.33,0.707,1.415,1,1,-1,1,"matched","Bacteria",NA,10,"Boseaceae",FALSE,FALSE
"Brachyspiraceae",24,90,0.01,0.01,403,18,253,0.02,0.02,62.78,1.333,0.75,1,1,-1,1,"matched","Bacteria",NA,10,"Brachyspiraceae",FALSE,FALSE
"Bradymonadaceae",74,169,0.03,0.01,28,5,5,0,0.01,17.86,14.8,0.068,1,1,-1,1,"matched","Bacteria",NA,15,"Bradymonadaceae",FALSE,FALSE
"Brevibacteriaceae",83,389,0.03,0.03,296,101,213,0.01,0.13,71.96,0.822,1.217,1,1,-1,1,"matched","Bacteria",NA,10,"Brevibacteriaceae",FALSE,FALSE
"Brevinemataceae",61,292,0.02,0.02,8,3,1,0,0,12.5,20.333,0.049,1,1,-1,1,"matched","Bacteria",NA,15,"Brevinemataceae",FALSE,FALSE
"Brucellaceae",136,1272,0.05,0.11,1895,222,1791,0.08,0.28,94.51,0.613,1.632,1,1,-1,1,"matched","Bacteria",NA,10,"Brucellaceae",FALSE,FALSE
"Bruguierivoracaceae",55,108,0.02,0.01,44,35,35,0,0.04,79.55,1.571,0.636,1,1,-1,1,"matched","Bacteria",NA,10,"Bruguierivoracaceae",FALSE,FALSE
"Bryobacteraceae",650,2629,0.25,0.22,426,10,2,0.02,0.01,0.47,65,0.015,1,1,-1,1,"matched","Bacteria",NA,20,"Bryobacteraceae",FALSE,FALSE
"Budviciaceae",7,39,0,0,33,12,30,0,0.02,90.91,0.583,1.714,1,1,-1,1,"matched","Bacteria",NA,10,"Budviciaceae",FALSE,FALSE
"Burkholderiaceae",1013,8806,0.39,0.74,12198,1162,10050,0.51,1.48,82.39,0.872,1.147,1,1,-1,1,"matched","Bacteria",NA,10,"Burkholderiaceae",FALSE,FALSE
"Caedimonadaceae",1,1,0,0,7,4,2,0,0.01,28.57,0.25,4,1,1,-1,1,"matched","Bacteria",NA,15,"Caedimonadaceae",FALSE,FALSE
"Caldicoprobacteraceae",150,447,0.06,0.04,8,7,5,0,0.01,62.5,21.429,0.047,1,1,-1,1,"matched","Bacteria",NA,10,"Caldicoprobacteraceae",FALSE,FALSE
"Caldilineaceae",386,1342,0.15,0.11,308,24,3,0.01,0.03,0.97,16.083,0.062,1,1,-1,1,"matched","Bacteria",NA,20,"Caldilineaceae",FALSE,FALSE
"Caldisericaceae",42,404,0.02,0.03,35,6,2,0,0.01,5.71,7,0.143,1,1,-1,1,"matched","Bacteria",NA,20,"Caldisericaceae",FALSE,FALSE
"Calditerrivibrionaceae",12,59,0,0,6,2,1,0,0,16.67,6,0.167,1,1,-1,1,"matched","Bacteria",NA,15,"Calditerrivibrionaceae",FALSE,FALSE
"Calditrichaceae",399,1078,0.15,0.09,74,6,3,0,0.01,4.05,66.5,0.015,1,1,-1,1,"matched","Bacteria",NA,20,"Calditrichaceae",FALSE,FALSE
"Calotrichaceae",71,212,0.03,0.02,52,37,38,0,0.05,73.08,1.919,0.521,1,1,-1,1,"matched","Bacteria",NA,10,"Calotrichaceae",FALSE,FALSE
"Campylobacteraceae",194,1558,0.07,0.13,138607,314,137815,5.82,0.4,99.43,0.618,1.619,1,1,-1,1,"matched","Bacteria",NA,10,"Campylobacteraceae",FALSE,FALSE
"Cardiobacteriaceae",163,556,0.06,0.05,89,14,24,0,0.02,26.97,11.643,0.086,1,1,-1,1,"matched","Bacteria",NA,15,"Cardiobacteriaceae",FALSE,FALSE
"Carnobacteriaceae",289,1494,0.11,0.13,766,128,361,0.03,0.16,47.13,2.258,0.443,1,1,-1,1,"matched","Bacteria",NA,15,"Carnobacteriaceae",FALSE,FALSE
"Catalimonadaceae",22,50,0.01,0,22,9,7,0,0.01,31.82,2.444,0.409,1,1,-1,1,"matched","Bacteria",NA,15,"Catalimonadaceae",FALSE,FALSE
"Catenulisporaceae",6,62,0,0.01,20,13,14,0,0.02,70,0.462,2.167,1,1,-1,1,"matched","Bacteria",NA,10,"Catenulisporaceae",FALSE,FALSE
"Caulobacteraceae",543,4094,0.21,0.34,1679,295,356,0.07,0.38,21.2,1.841,0.543,1,1,-1,1,"matched","Bacteria",NA,15,"Caulobacteraceae",FALSE,FALSE
"Celerinatantimonadaceae",4,6,0,0,6,5,5,0,0.01,83.33,0.8,1.25,1,1,-1,1,"matched","Bacteria",NA,10,"Celerinatantimonadaceae",FALSE,FALSE
"Cellulomonadaceae",99,1055,0.04,0.09,333,153,222,0.01,0.19,66.67,0.647,1.545,1,1,-1,1,"matched","Bacteria",NA,10,"Cellulomonadaceae",FALSE,FALSE
"Cellulosilyticaceae",36,77,0.01,0.01,34,10,6,0,0.01,17.65,3.6,0.278,1,1,-1,1,"matched","Bacteria",NA,15,"Cellulosilyticaceae",FALSE,FALSE
"Cellvibrionaceae",244,848,0.09,0.07,268,96,107,0.01,0.12,39.93,2.542,0.393,1,1,-1,1,"matched","Bacteria",NA,15,"Cellvibrionaceae",FALSE,FALSE
"Cesiribacteraceae",11,17,0,0,5,5,4,0,0.01,80,2.2,0.455,1,1,-1,1,"matched","Bacteria",NA,10,"Cesiribacteraceae",FALSE,FALSE
"Chamaesiphonaceae",8,42,0,0,42,27,2,0,0.03,4.76,0.296,3.375,1,1,-1,1,"matched","Bacteria",NA,20,"Chamaesiphonaceae",FALSE,FALSE
"Chelatococcaceae",15,84,0.01,0.01,42,21,33,0,0.03,78.57,0.714,1.4,1,1,-1,1,"matched","Bacteria",NA,10,"Chelatococcaceae",FALSE,FALSE
"Chitinispirillaceae",1,1,0,0,22,3,1,0,0,4.55,0.333,3,1,1,-1,1,"matched","Bacteria",NA,20,"Chitinispirillaceae",FALSE,FALSE
"Chitinivibrionaceae",22,69,0.01,0.01,1,1,1,0,0,100,22,0.045,1,1,-1,1,"matched","Bacteria",NA,10,"Chitinivibrionaceae",FALSE,FALSE
"Chitinophagaceae",2015,10370,0.77,0.87,3560,323,297,0.15,0.41,8.34,6.238,0.16,1,1,-1,1,"matched","Bacteria",NA,20,"Chitinophagaceae",FALSE,FALSE
"Chloroflexaceae",159,573,0.06,0.05,92,11,6,0,0.01,6.52,14.455,0.069,1,1,-1,1,"matched","Bacteria",NA,20,"Chloroflexaceae",FALSE,FALSE
"Chlorogloeopsidaceae",5,21,0,0,8,3,7,0,0,87.5,1.667,0.6,1,1,-1,1,"matched","Bacteria",NA,10,"Chlorogloeopsidaceae",FALSE,FALSE
"Chloroherpetonaceae",1,1,0,0,29,5,1,0,0.01,3.45,0.2,5,1,1,-1,1,"matched","Bacteria",NA,20,"Chloroherpetonaceae",FALSE,FALSE
"Christensenellaceae",1852,4396,0.71,0.37,4053,118,31,0.17,0.15,0.76,15.695,0.064,1,1,-1,1,"matched","Bacteria",NA,20,"Christensenellaceae",FALSE,FALSE
"Chromatiaceae",267,1149,0.1,0.1,487,137,136,0.02,0.17,27.93,1.949,0.513,1,1,-1,1,"matched","Bacteria",NA,15,"Chromatiaceae",FALSE,FALSE
"Chromobacteriaceae",125,887,0.05,0.07,212,80,187,0.01,0.1,88.21,1.562,0.64,1,1,-1,1,"matched","Bacteria",NA,10,"Chromobacteriaceae",FALSE,FALSE
"Chroococcaceae",33,133,0.01,0.01,22,15,17,0,0.02,77.27,2.2,0.455,1,1,-1,1,"matched","Bacteria",NA,10,"Chroococcaceae",FALSE,FALSE
"Chroococcidiopsidaceae",43,120,0.02,0.01,20,16,8,0,0.02,40,2.688,0.372,1,1,-1,1,"matched","Bacteria",NA,15,"Chroococcidiopsidaceae",FALSE,FALSE
"Chrysiogenaceae",5,13,0,0,4,3,4,0,0,100,1.667,0.6,1,1,-1,1,"matched","Bacteria",NA,10,"Chrysiogenaceae",FALSE,FALSE
"Chthonomonadaceae",157,499,0.06,0.04,156,24,4,0.01,0.03,2.56,6.542,0.153,1,1,-1,1,"matched","Bacteria",NA,20,"Chthonomonadaceae",FALSE,FALSE
"Clostridiaceae",1843,8212,0.7,0.69,11020,788,6116,0.46,1,55.5,2.339,0.428,1,1,-1,1,"matched","Bacteria",NA,10,"Clostridiaceae",FALSE,FALSE
"Coelosphaeriaceae",11,236,0,0.02,15,4,0,0,0.01,0,2.75,0.364,1,1,-1,1,"matched","Bacteria",NA,25,"Coelosphaeriaceae",FALSE,FALSE
"Cohaesibacteraceae",33,133,0.01,0.01,38,10,7,0,0.01,18.42,3.3,0.303,1,1,-1,1,"matched","Bacteria",NA,15,"Cohaesibacteraceae",FALSE,FALSE
"Coleofasciculaceae",127,570,0.05,0.05,137,99,28,0.01,0.13,20.44,1.283,0.78,1,1,-1,1,"matched","Bacteria",NA,15,"Coleofasciculaceae",FALSE,FALSE
"Colwelliaceae",264,914,0.1,0.08,293,142,153,0.01,0.18,52.22,1.859,0.538,1,1,-1,1,"matched","Bacteria",NA,10,"Colwelliaceae",FALSE,FALSE
"Comamonadaceae",1468,9527,0.56,0.8,4628,840,1227,0.19,1.07,26.51,1.748,0.572,1,1,-1,1,"matched","Bacteria",NA,15,"Comamonadaceae",FALSE,FALSE
"Conexibacteraceae",156,1734,0.06,0.15,111,16,14,0,0.02,12.61,9.75,0.103,1,1,-1,1,"matched","Bacteria",NA,15,"Conexibacteraceae",FALSE,FALSE
"Coprobacillaceae",97,313,0.04,0.03,1153,154,386,0.05,0.2,33.48,0.63,1.588,1,1,-1,1,"matched","Bacteria",NA,15,"Coprobacillaceae",FALSE,FALSE
"Coprothermobacteraceae",56,278,0.02,0.02,24,5,4,0,0.01,16.67,11.2,0.089,1,1,-1,1,"matched","Bacteria",NA,15,"Coprothermobacteraceae",FALSE,FALSE
"Coriobacteriaceae",184,1177,0.07,0.1,3827,201,547,0.16,0.26,14.29,0.915,1.092,1,1,-1,1,"matched","Bacteria",NA,15,"Coriobacteriaceae",FALSE,FALSE
"Corynebacteriaceae",745,4544,0.28,0.38,3859,569,3295,0.16,0.73,85.38,1.309,0.764,1,1,-1,1,"matched","Bacteria",NA,10,"Corynebacteriaceae",FALSE,FALSE
"Coxiellaceae",727,1485,0.28,0.12,465,42,187,0.02,0.05,40.22,17.31,0.058,1,1,-1,1,"matched","Bacteria",NA,15,"Coxiellaceae",FALSE,FALSE
"Crenotrichaceae",65,234,0.02,0.02,38,5,2,0,0.01,5.26,13,0.077,1,1,-1,1,"matched","Bacteria",NA,20,"Crenotrichaceae",FALSE,FALSE
"Crocinitomicaceae",417,2285,0.16,0.19,653,37,65,0.03,0.05,9.95,11.27,0.089,1,1,-1,1,"matched","Bacteria",NA,20,"Crocinitomicaceae",FALSE,FALSE
"Cryomorphaceae",324,2904,0.12,0.24,308,23,4,0.01,0.03,1.3,14.087,0.071,1,1,-1,1,"matched","Bacteria",NA,20,"Cryomorphaceae",FALSE,FALSE
"Cryptosporangiaceae",2,37,0,0,13,8,8,0,0.01,61.54,0.25,4,1,1,-1,1,"matched","Bacteria",NA,10,"Cryptosporangiaceae",FALSE,FALSE
"Cyanomargaritaceae",1,3,0,0,1,1,0,0,0,0,1,1,1,1,-1,1,"matched","Bacteria",NA,25,"Cyanomargaritaceae",FALSE,FALSE
"Cyanothecaceae",11,41,0,0,5,4,2,0,0.01,40,2.75,0.364,1,1,-1,1,"matched","Bacteria",NA,15,"Cyanothecaceae",FALSE,FALSE
"Cyclobacteriaceae",548,2762,0.21,0.23,771,135,164,0.03,0.17,21.27,4.059,0.246,1,1,-1,1,"matched","Bacteria",NA,15,"Cyclobacteriaceae",FALSE,FALSE
"Cytophagaceae",317,925,0.12,0.08,341,76,60,0.01,0.1,17.6,4.171,0.24,1,1,-1,1,"matched","Bacteria",NA,15,"Cytophagaceae",FALSE,FALSE
"Deferribacteraceae",47,104,0.02,0.01,27,8,3,0,0.01,11.11,5.875,0.17,1,1,-1,1,"matched","Bacteria",NA,15,"Deferribacteraceae",FALSE,FALSE
"Deferrisomataceae",48,92,0.02,0.01,4,1,1,0,0,25,48,0.021,1,1,-1,1,"matched","Bacteria",NA,15,"Deferrisomataceae",FALSE,FALSE
"Defluviitaleaceae",139,414,0.05,0.03,88,5,4,0,0.01,4.55,27.8,0.036,1,1,-1,1,"matched","Bacteria",NA,20,"Defluviitaleaceae",FALSE,FALSE
"Dehalococcoidaceae",21,97,0.01,0.01,186,23,52,0.01,0.03,27.96,0.913,1.095,1,1,-1,1,"matched","Bacteria",NA,15,"Dehalococcoidaceae",FALSE,FALSE
"Deinococcaceae",193,561,0.07,0.05,260,128,199,0.01,0.16,76.54,1.508,0.663,1,1,-1,1,"matched","Bacteria",NA,10,"Deinococcaceae",FALSE,FALSE
"Demequinaceae",25,192,0.01,0.02,90,43,49,0,0.05,54.44,0.581,1.72,1,1,-1,1,"matched","Bacteria",NA,10,"Demequinaceae",FALSE,FALSE
"Dermabacteraceae",69,440,0.03,0.04,206,79,152,0.01,0.1,73.79,0.873,1.145,1,1,-1,1,"matched","Bacteria",NA,10,"Dermabacteraceae",FALSE,FALSE
"Dermacoccaceae",20,82,0.01,0.01,88,51,68,0,0.06,77.27,0.392,2.55,1,1,-1,1,"matched","Bacteria",NA,10,"Dermacoccaceae",FALSE,FALSE
"Dermatophilaceae",65,116,0.02,0.01,196,22,58,0.01,0.03,29.59,2.955,0.338,1,1,-1,1,"matched","Bacteria",NA,15,"Dermatophilaceae",FALSE,FALSE
"Dermocarpellaceae",15,63,0.01,0.01,2,2,2,0,0,100,7.5,0.133,1,1,-1,1,"matched","Bacteria",NA,10,"Dermocarpellaceae",FALSE,FALSE
"Desertifilaceae",4,14,0,0,21,19,10,0,0.02,47.62,0.211,4.75,1,1,-1,1,"matched","Bacteria",NA,15,"Desertifilaceae",FALSE,FALSE
"Desulfallaceae",14,35,0.01,0,12,8,8,0,0.01,66.67,1.75,0.571,1,1,-1,1,"matched","Bacteria",NA,10,"Desulfallaceae",FALSE,FALSE
"Desulfarculaceae",36,83,0.01,0.01,50,12,4,0,0.02,8,3,0.333,1,1,-1,1,"matched","Bacteria",NA,20,"Desulfarculaceae",FALSE,FALSE
"Desulfatibacillaceae",8,21,0,0,15,5,3,0,0.01,20,1.6,0.625,1,1,-1,1,"matched","Bacteria",NA,15,"Desulfatibacillaceae",FALSE,FALSE
"Desulfatirhabdiaceae",26,244,0.01,0.02,9,3,1,0,0,11.11,8.667,0.115,1,1,-1,1,"matched","Bacteria",NA,15,"Desulfatirhabdiaceae",FALSE,FALSE
"Desulfitobacteriaceae",297,666,0.11,0.06,127,63,54,0.01,0.08,42.52,4.714,0.212,1,1,-1,1,"matched","Bacteria",NA,15,"Desulfitobacteriaceae",FALSE,FALSE
"Desulfoarculaceae",2,3,0,0,1,1,0,0,0,0,2,0.5,1,1,-1,1,"matched","Bacteria",NA,25,"Desulfoarculaceae",FALSE,FALSE
"Desulfobaccaceae",99,653,0.04,0.05,18,6,1,0,0.01,5.56,16.5,0.061,1,1,-1,1,"matched","Bacteria",NA,20,"Desulfobaccaceae",FALSE,FALSE
"Desulfobacteraceae",685,2486,0.26,0.21,783,73,18,0.03,0.09,2.3,9.384,0.107,1,1,-1,1,"matched","Bacteria",NA,20,"Desulfobacteraceae",FALSE,FALSE
"Desulfobacteriaceae",32,134,0.01,0.01,16,3,0,0,0,0,10.667,0.094,1,1,-1,1,"matched","Bacteria",NA,25,"Desulfobacteriaceae",FALSE,FALSE
"Desulfobulbaceae",417,1643,0.16,0.14,439,98,45,0.02,0.12,10.25,4.255,0.235,1,1,-1,1,"matched","Bacteria",NA,15,"Desulfobulbaceae",FALSE,FALSE
"Desulfocapsaceae",604,1679,0.23,0.14,151,28,18,0.01,0.04,11.92,21.571,0.046,1,1,-1,1,"matched","Bacteria",NA,15,"Desulfocapsaceae",FALSE,FALSE
"Desulfococcaceae",204,589,0.08,0.05,43,14,10,0,0.02,23.26,14.571,0.069,1,1,-1,1,"matched","Bacteria",NA,15,"Desulfococcaceae",FALSE,FALSE
"Desulfocucumaceae",2,3,0,0,3,2,1,0,0,33.33,1,1,1,1,-1,1,"matched","Bacteria",NA,15,"Desulfocucumaceae",FALSE,FALSE
"Desulfohalobiaceae",77,286,0.03,0.02,84,8,3,0,0.01,3.57,9.625,0.104,1,1,-1,1,"matched","Bacteria",NA,20,"Desulfohalobiaceae",FALSE,FALSE
"Desulfolunaceae",18,82,0.01,0.01,6,5,4,0,0.01,66.67,3.6,0.278,1,1,-1,1,"matched","Bacteria",NA,10,"Desulfolunaceae",FALSE,FALSE
"Desulfomicrobiaceae",46,410,0.02,0.03,42,13,8,0,0.02,19.05,3.538,0.283,1,1,-1,1,"matched","Bacteria",NA,15,"Desulfomicrobiaceae",FALSE,FALSE
"Desulfomonilaceae",62,228,0.02,0.02,65,4,1,0,0.01,1.54,15.5,0.065,1,1,-1,1,"matched","Bacteria",NA,20,"Desulfomonilaceae",FALSE,FALSE
"Desulfonatronaceae",15,74,0.01,0.01,11,8,6,0,0.01,54.55,1.875,0.533,1,1,-1,1,"matched","Bacteria",NA,10,"Desulfonatronaceae",FALSE,FALSE
"Desulfonatronovibrionaceae",12,30,0,0,52,8,3,0,0.01,5.77,1.5,0.667,1,1,-1,1,"matched","Bacteria",NA,20,"Desulfonatronovibrionaceae",FALSE,FALSE
"Desulfonauticaceae",3,13,0,0,7,5,2,0,0.01,28.57,0.6,1.667,1,1,-1,1,"matched","Bacteria",NA,15,"Desulfonauticaceae",FALSE,FALSE
"Desulfoplanaceae",13,36,0,0,6,2,1,0,0,16.67,6.5,0.154,1,1,-1,1,"matched","Bacteria",NA,15,"Desulfoplanaceae",FALSE,FALSE
"Desulforegulaceae",3,7,0,0,3,2,1,0,0,33.33,1.5,0.667,1,1,-1,1,"matched","Bacteria",NA,15,"Desulforegulaceae",FALSE,FALSE
"Desulfosalsimonadaceae",16,42,0.01,0,29,3,1,0,0,3.45,5.333,0.188,1,1,-1,1,"matched","Bacteria",NA,20,"Desulfosalsimonadaceae",FALSE,FALSE
"Desulfosarcinaceae",745,3063,0.28,0.26,73,20,16,0,0.03,21.92,37.25,0.027,1,1,-1,1,"matched","Bacteria",NA,15,"Desulfosarcinaceae",FALSE,FALSE
"Desulfotomaculaceae",174,470,0.07,0.04,77,35,17,0,0.04,22.08,4.971,0.201,1,1,-1,1,"matched","Bacteria",NA,15,"Desulfotomaculaceae",FALSE,FALSE
"Desulfovibrionaceae",612,2687,0.23,0.22,2733,187,203,0.11,0.24,7.43,3.273,0.306,1,1,-1,1,"matched","Bacteria",NA,20,"Desulfovibrionaceae",FALSE,FALSE
"Desulfurellaceae",27,103,0.01,0.01,29,7,4,0,0.01,13.79,3.857,0.259,1,1,-1,1,"matched","Bacteria",NA,15,"Desulfurellaceae",FALSE,FALSE
"Desulfuribacillaceae",10,14,0,0,2,2,2,0,0,100,5,0.2,1,1,-1,1,"matched","Bacteria",NA,10,"Desulfuribacillaceae",FALSE,FALSE
"Desulfurobacteriaceae",27,99,0.01,0.01,52,13,10,0,0.02,19.23,2.077,0.481,1,1,-1,1,"matched","Bacteria",NA,15,"Desulfurobacteriaceae",FALSE,FALSE
"Desulfuromonadaceae",136,548,0.05,0.05,132,28,16,0.01,0.04,12.12,4.857,0.206,1,1,-1,1,"matched","Bacteria",NA,15,"Desulfuromonadaceae",FALSE,FALSE
"Dethiosulfovibrionaceae",27,93,0.01,0.01,64,18,17,0,0.02,26.56,1.5,0.667,1,1,-1,1,"matched","Bacteria",NA,15,"Dethiosulfovibrionaceae",FALSE,FALSE
"Devosiaceae",251,1166,0.1,0.1,334,125,120,0.01,0.16,35.93,2.008,0.498,1,1,-1,1,"matched","Bacteria",NA,15,"Devosiaceae",FALSE,FALSE
"Dictyobacteraceae",3,3,0,0,14,10,7,0,0.01,50,0.3,3.333,1,1,-1,1,"matched","Bacteria",NA,10,"Dictyobacteraceae",FALSE,FALSE
"Dictyoglomaceae",7,133,0,0.01,23,6,3,0,0.01,13.04,1.167,0.857,1,1,-1,1,"matched","Bacteria",NA,15,"Dictyoglomaceae",FALSE,FALSE
"Dietziaceae",40,187,0.02,0.02,158,53,122,0.01,0.07,77.22,0.755,1.325,1,1,-1,1,"matched","Bacteria",NA,10,"Dietziaceae",FALSE,FALSE
"Dissulfuribacteraceae",41,158,0.02,0.01,2,1,1,0,0,50,41,0.024,1,1,-1,1,"matched","Bacteria",NA,10,"Dissulfuribacteraceae",FALSE,FALSE
"Dissulfurirhabdaceae",2,2,0,0,2,1,2,0,0,100,2,0.5,1,1,-1,1,"matched","Bacteria",NA,10,"Dissulfurirhabdaceae",FALSE,FALSE
"Dysgonomonadaceae",573,1488,0.22,0.12,529,104,58,0.02,0.13,10.96,5.51,0.182,1,1,-1,1,"matched","Bacteria",NA,15,"Dysgonomonadaceae",FALSE,FALSE
"Ectothiorhodospiraceae",336,1544,0.13,0.13,455,153,175,0.02,0.19,38.46,2.196,0.455,1,1,-1,1,"matched","Bacteria",NA,15,"Ectothiorhodospiraceae",FALSE,FALSE
"Eggerthellaceae",243,706,0.09,0.06,2266,119,308,0.1,0.15,13.59,2.042,0.49,1,1,-1,1,"matched","Bacteria",NA,15,"Eggerthellaceae",FALSE,FALSE
"Egibacteraceae",9,37,0,0,18,3,1,0,0,5.56,3,0.333,1,1,-1,1,"matched","Bacteria",NA,20,"Egibacteraceae",FALSE,FALSE
"Egicoccaceae",4,14,0,0,6,4,4,0,0.01,66.67,1,1,1,1,-1,1,"matched","Bacteria",NA,10,"Egicoccaceae",FALSE,FALSE
"Elioraeaceae",4,80,0,0.01,23,7,5,0,0.01,21.74,0.571,1.75,1,1,-1,1,"matched","Bacteria",NA,15,"Elioraeaceae",FALSE,FALSE
"Elusimicrobiaceae",28,92,0.01,0.01,327,14,2,0.01,0.02,0.61,2,0.5,1,1,-1,1,"matched","Bacteria",NA,20,"Elusimicrobiaceae",FALSE,FALSE
"Emcibacteraceae",4,11,0,0,57,8,18,0,0.01,31.58,0.5,2,1,1,-1,1,"matched","Bacteria",NA,15,"Emcibacteraceae",FALSE,FALSE
"Endomicrobiaceae",137,354,0.05,0.03,106,39,5,0,0.05,4.72,3.513,0.285,1,1,-1,1,"matched","Bacteria",NA,20,"Endomicrobiaceae",FALSE,FALSE
"Endozoicomonadaceae",117,384,0.04,0.03,91,54,56,0,0.07,61.54,2.167,0.462,1,1,-1,1,"matched","Bacteria",NA,10,"Endozoicomonadaceae",FALSE,FALSE
"Enterobacteriaceae",1996,23615,0.76,1.98,1093115,4021,1089610,45.88,5.12,99.68,0.496,2.015,1,1,-1,1,"matched","Bacteria",NA,10,"Enterobacteriaceae",FALSE,FALSE
"Enterococcaceae",447,2971,0.17,0.25,47640,477,46604,2,0.61,97.83,0.937,1.067,1,1,-1,1,"matched","Bacteria",NA,10,"Enterococcaceae",FALSE,FALSE
"Entomoplasmataceae",16,67,0.01,0.01,45,24,45,0,0.03,100,0.667,1.5,1,1,-1,1,"matched","Bacteria",NA,10,"Entomoplasmataceae",FALSE,FALSE
"Entophysalidaceae",6,17,0,0,3,2,2,0,0,66.67,3,0.333,1,1,-1,1,"matched","Bacteria",NA,10,"Entophysalidaceae",FALSE,FALSE
"Erwiniaceae",461,2143,0.18,0.18,2186,437,1855,0.09,0.56,84.86,1.055,0.948,1,1,-1,1,"matched","Bacteria",NA,10,"Erwiniaceae",FALSE,FALSE
"Erysipelotrichaceae",901,3517,0.34,0.29,4024,233,581,0.17,0.3,14.44,3.867,0.259,1,1,-1,1,"matched","Bacteria",NA,15,"Erysipelotrichaceae",FALSE,FALSE
"Erythrobacteraceae",309,1564,0.12,0.13,957,315,337,0.04,0.4,35.21,0.981,1.019,1,1,-1,1,"matched","Bacteria",NA,15,"Erythrobacteraceae",FALSE,FALSE
"Eubacteriaceae",221,1229,0.08,0.1,3644,177,221,0.15,0.23,6.06,1.249,0.801,1,1,-1,1,"matched","Bacteria",NA,20,"Eubacteriaceae",FALSE,FALSE
"Euzebyaceae",82,252,0.03,0.02,23,5,3,0,0.01,13.04,16.4,0.061,1,1,-1,1,"matched","Bacteria",NA,15,"Euzebyaceae",FALSE,FALSE
"Fastidiosibacteraceae",31,81,0.01,0.01,24,14,18,0,0.02,75,2.214,0.452,1,1,-1,1,"matched","Bacteria",NA,10,"Fastidiosibacteraceae",FALSE,FALSE
"Ferrimonadaceae",20,49,0.01,0,34,18,30,0,0.02,88.24,1.111,0.9,1,1,-1,1,"matched","Bacteria",NA,10,"Ferrimonadaceae",FALSE,FALSE
"Ferrovaceae",29,155,0.01,0.01,240,9,5,0.01,0.01,2.08,3.222,0.31,1,1,-1,1,"matched","Bacteria",NA,20,"Ferrovaceae",FALSE,FALSE
"Fervidobacteriaceae",37,263,0.01,0.02,106,30,33,0,0.04,31.13,1.233,0.811,1,1,-1,1,"matched","Bacteria",NA,15,"Fervidobacteriaceae",FALSE,FALSE
"Fibrobacteraceae",303,1198,0.12,0.1,453,58,41,0.02,0.07,9.05,5.224,0.191,1,1,-1,1,"matched","Bacteria",NA,20,"Fibrobacteraceae",FALSE,FALSE
"Fimbriimonadaceae",311,1227,0.12,0.1,154,5,2,0.01,0.01,1.3,62.2,0.016,1,1,-1,1,"matched","Bacteria",NA,20,"Fimbriimonadaceae",FALSE,FALSE
"Flammeovirgaceae",76,179,0.03,0.01,170,60,29,0.01,0.08,17.06,1.267,0.789,1,1,-1,1,"matched","Bacteria",NA,15,"Flammeovirgaceae",FALSE,FALSE
"Flavobacteriaceae",3630,18399,1.38,1.54,9920,2136,4035,0.42,2.72,40.68,1.699,0.588,1,1,-1,1,"matched","Bacteria",NA,15,"Flavobacteriaceae",FALSE,FALSE
"Flexibacteraceae",23,75,0.01,0.01,3,3,1,0,0,33.33,7.667,0.13,1,1,-1,1,"matched","Bacteria",NA,15,"Flexibacteraceae",FALSE,FALSE
"Flexistipitaceae",4,28,0,0,6,2,1,0,0,16.67,2,0.5,1,1,-1,1,"matched","Bacteria",NA,15,"Flexistipitaceae",FALSE,FALSE
"Fortieaceae",3,9,0,0,13,11,8,0,0.01,61.54,0.273,3.667,1,1,-1,1,"matched","Bacteria",NA,10,"Fortieaceae",FALSE,FALSE
"Francisellaceae",57,404,0.02,0.03,1373,44,1282,0.06,0.06,93.37,1.295,0.772,1,1,-1,1,"matched","Bacteria",NA,10,"Francisellaceae",FALSE,FALSE
"Frankiaceae",30,112,0.01,0.01,171,90,114,0.01,0.11,66.67,0.333,3,1,1,-1,1,"matched","Bacteria",NA,10,"Frankiaceae",FALSE,FALSE
"Fulvivirgaceae",165,439,0.06,0.04,133,31,25,0.01,0.04,18.8,5.323,0.188,1,1,-1,1,"matched","Bacteria",NA,15,"Fulvivirgaceae",FALSE,FALSE
"Fusobacteriaceae",439,2794,0.17,0.23,1111,98,618,0.05,0.12,55.63,4.48,0.223,1,1,-1,1,"matched","Bacteria",NA,10,"Fusobacteriaceae",FALSE,FALSE
"Gaiellaceae",186,1814,0.07,0.15,693,7,10,0.03,0.01,1.44,26.571,0.038,1,1,-1,1,"matched","Bacteria",NA,20,"Gaiellaceae",FALSE,FALSE
"Gallionellaceae",276,1169,0.11,0.1,517,51,139,0.02,0.06,26.89,5.412,0.185,1,1,-1,1,"matched","Bacteria",NA,15,"Gallionellaceae",FALSE,FALSE
"Geminicoccaceae",179,838,0.07,0.07,136,17,33,0.01,0.02,24.26,10.529,0.095,1,1,-1,1,"matched","Bacteria",NA,15,"Geminicoccaceae",FALSE,FALSE
"Geminocystaceae",31,81,0.01,0.01,51,26,40,0,0.03,78.43,1.192,0.839,1,1,-1,1,"matched","Bacteria",NA,10,"Geminocystaceae",FALSE,FALSE
"Gemmataceae",1447,3701,0.55,0.31,290,26,20,0.01,0.03,6.9,55.654,0.018,1,1,-1,1,"matched","Bacteria",NA,20,"Gemmataceae",FALSE,FALSE
"Gemmatimonadaceae",1494,8126,0.57,0.68,1142,22,11,0.05,0.03,0.96,67.909,0.015,1,1,-1,1,"matched","Bacteria",NA,20,"Gemmatimonadaceae",FALSE,FALSE
"Geoalkalibacteraceae",18,66,0.01,0.01,8,4,5,0,0.01,62.5,4.5,0.222,1,1,-1,1,"matched","Bacteria",NA,10,"Geoalkalibacteraceae",FALSE,FALSE
"Geobacteraceae",415,1893,0.16,0.16,394,85,69,0.02,0.11,17.51,4.882,0.205,1,1,-1,1,"matched","Bacteria",NA,15,"Geobacteraceae",FALSE,FALSE
"Geodermatophilaceae",105,721,0.04,0.06,213,123,146,0.01,0.16,68.54,0.854,1.171,1,1,-1,1,"matched","Bacteria",NA,10,"Geodermatophilaceae",FALSE,FALSE
"Geopsychrobacteraceae",60,281,0.02,0.02,64,9,3,0,0.01,4.69,6.667,0.15,1,1,-1,1,"matched","Bacteria",NA,20,"Geopsychrobacteraceae",FALSE,FALSE
"Geothermobacteraceae",32,119,0.01,0.01,7,4,3,0,0.01,42.86,8,0.125,1,1,-1,1,"matched","Bacteria",NA,15,"Geothermobacteraceae",FALSE,FALSE
"Geovibrionaceae",13,54,0,0,15,8,6,0,0.01,40,1.625,0.615,1,1,-1,1,"matched","Bacteria",NA,15,"Geovibrionaceae",FALSE,FALSE
"Gloeobacteraceae",7,23,0,0,5,5,3,0,0.01,60,1.4,0.714,1,1,-1,1,"matched","Bacteria",NA,10,"Gloeobacteraceae",FALSE,FALSE
"Gloeotrichiaceae",2,14,0,0,5,1,0,0,0,0,2,0.5,1,1,-1,1,"matched","Bacteria",NA,25,"Gloeotrichiaceae",FALSE,FALSE
"Glycomycetaceae",41,123,0.02,0.01,65,46,54,0,0.06,83.08,0.891,1.122,1,1,-1,1,"matched","Bacteria",NA,10,"Glycomycetaceae",FALSE,FALSE
"Gomontiellaceae",5,38,0,0,9,8,1,0,0.01,11.11,0.625,1.6,1,1,-1,1,"matched","Bacteria",NA,15,"Gomontiellaceae",FALSE,FALSE
"Gomphosphaeriaceae",2,2,0,0,1,1,0,0,0,0,2,0.5,1,1,-1,1,"matched","Bacteria",NA,25,"Gomphosphaeriaceae",FALSE,FALSE
"Gordoniaceae",54,316,0.02,0.03,319,137,265,0.01,0.17,83.07,0.394,2.537,1,1,-1,1,"matched","Bacteria",NA,10,"Gordoniaceae",FALSE,FALSE
"Gottschalkiaceae",12,28,0,0,6,5,4,0,0.01,66.67,2.4,0.417,1,1,-1,1,"matched","Bacteria",NA,10,"Gottschalkiaceae",FALSE,FALSE
"Gracilibacteraceae",93,237,0.04,0.02,14,7,2,0,0.01,14.29,13.286,0.075,1,1,-1,1,"matched","Bacteria",NA,15,"Gracilibacteraceae",FALSE,FALSE
"Granulosicoccaceae",27,102,0.01,0.01,154,8,5,0.01,0.01,3.25,3.375,0.296,1,1,-1,1,"matched","Bacteria",NA,20,"Granulosicoccaceae",FALSE,FALSE
"Hafniaceae",49,494,0.02,0.04,482,19,422,0.02,0.02,87.55,2.579,0.388,1,1,-1,1,"matched","Bacteria",NA,10,"Hafniaceae",FALSE,FALSE
"Hahellaceae",20,60,0.01,0.01,22,15,12,0,0.02,54.55,1.333,0.75,1,1,-1,1,"matched","Bacteria",NA,10,"Hahellaceae",FALSE,FALSE
"Halanaerobiaceae",122,535,0.05,0.04,121,21,33,0.01,0.03,27.27,5.81,0.172,1,1,-1,1,"matched","Bacteria",NA,15,"Halanaerobiaceae",FALSE,FALSE
"Halieaceae",376,1838,0.14,0.15,963,80,144,0.04,0.1,14.95,4.7,0.213,1,1,-1,1,"matched","Bacteria",NA,15,"Halieaceae",FALSE,FALSE
"Haliscomenobacteraceae",222,704,0.08,0.06,99,12,6,0,0.02,6.06,18.5,0.054,1,1,-1,1,"matched","Bacteria",NA,20,"Haliscomenobacteraceae",FALSE,FALSE
"Halobacteriovoraceae",35,108,0.01,0.01,90,45,42,0,0.06,46.67,0.778,1.286,1,1,-1,1,"matched","Bacteria",NA,15,"Halobacteriovoraceae",FALSE,FALSE
"Halobacteroidaceae",84,212,0.03,0.02,31,20,18,0,0.03,58.06,4.2,0.238,1,1,-1,1,"matched","Bacteria",NA,10,"Halobacteroidaceae",FALSE,FALSE
"Halomonadaceae",598,2529,0.23,0.21,998,459,716,0.04,0.58,71.74,1.303,0.768,1,1,-1,1,"matched","Bacteria",NA,10,"Halomonadaceae",FALSE,FALSE
"Haloplasmataceae",34,70,0.01,0.01,12,5,3,0,0.01,25,6.8,0.147,1,1,-1,1,"matched","Bacteria",NA,15,"Haloplasmataceae",FALSE,FALSE
"Halothiobacillaceae",76,284,0.03,0.02,87,22,5,0,0.03,5.75,3.455,0.289,1,1,-1,1,"matched","Bacteria",NA,20,"Halothiobacillaceae",FALSE,FALSE
"Hapalosiphonaceae",34,125,0.01,0.01,75,23,59,0,0.03,78.67,1.478,0.676,1,1,-1,1,"matched","Bacteria",NA,10,"Hapalosiphonaceae",FALSE,FALSE
"Helicobacteraceae",127,809,0.05,0.07,8092,106,6719,0.34,0.14,83.03,1.198,0.835,1,1,-1,1,"matched","Bacteria",NA,10,"Helicobacteraceae",FALSE,FALSE
"Heliobacteriaceae",30,65,0.01,0.01,31,13,10,0,0.02,32.26,2.308,0.433,1,1,-1,1,"matched","Bacteria",NA,15,"Heliobacteriaceae",FALSE,FALSE
"Herpetosiphonaceae",20,114,0.01,0.01,27,8,6,0,0.01,22.22,2.5,0.4,1,1,-1,1,"matched","Bacteria",NA,15,"Herpetosiphonaceae",FALSE,FALSE
"Holophagaceae",160,1112,0.06,0.09,361,32,21,0.02,0.04,5.82,5,0.2,1,1,-1,1,"matched","Bacteria",NA,20,"Holophagaceae",FALSE,FALSE
"Holosporaceae",272,1276,0.1,0.11,80,18,16,0,0.02,20,15.111,0.066,1,1,-1,1,"matched","Bacteria",NA,15,"Holosporaceae",FALSE,FALSE
"Hydrogenophilaceae",184,741,0.07,0.06,42,13,12,0,0.02,28.57,14.154,0.071,1,1,-1,1,"matched","Bacteria",NA,15,"Hydrogenophilaceae",FALSE,FALSE
"Hydrogenothermaceae",56,402,0.02,0.03,100,15,12,0,0.02,12,3.733,0.268,1,1,-1,1,"matched","Bacteria",NA,15,"Hydrogenothermaceae",FALSE,FALSE
"Hyellaceae",40,118,0.02,0.01,50,22,7,0,0.03,14,1.818,0.55,1,1,-1,1,"matched","Bacteria",NA,15,"Hyellaceae",FALSE,FALSE
"Hymenobacteraceae",426,1501,0.16,0.13,362,235,272,0.02,0.3,75.14,1.813,0.552,1,1,-1,1,"matched","Bacteria",NA,10,"Hymenobacteraceae",FALSE,FALSE
"Hyphomicrobiaceae",527,3003,0.2,0.25,760,78,60,0.03,0.1,7.89,6.756,0.148,1,1,-1,1,"matched","Bacteria",NA,20,"Hyphomicrobiaceae",FALSE,FALSE
"Hyphomonadaceae",284,1532,0.11,0.13,605,99,43,0.03,0.13,7.11,2.869,0.349,1,1,-1,1,"matched","Bacteria",NA,20,"Hyphomonadaceae",FALSE,FALSE
"Iamiaceae",98,521,0.04,0.04,65,14,8,0,0.02,12.31,7,0.143,1,1,-1,1,"matched","Bacteria",NA,15,"Iamiaceae",FALSE,FALSE
"Ichthyobacteriaceae",25,43,0.01,0,6,2,1,0,0,16.67,12.5,0.08,1,1,-1,1,"matched","Bacteria",NA,15,"Ichthyobacteriaceae",FALSE,FALSE
"Idiomarinaceae",111,444,0.04,0.04,263,99,127,0.01,0.13,48.29,1.121,0.892,1,1,-1,1,"matched","Bacteria",NA,15,"Idiomarinaceae",FALSE,FALSE
"Ignatzschineriaceae",4,26,0,0,72,17,48,0,0.02,66.67,0.235,4.25,1,1,-1,1,"matched","Bacteria",NA,10,"Ignatzschineriaceae",FALSE,FALSE
"Ilumatobacteraceae",502,5998,0.19,0.5,851,12,26,0.04,0.02,3.06,41.833,0.024,1,1,-1,1,"matched","Bacteria",NA,20,"Ilumatobacteraceae",FALSE,FALSE
"Immundisolibacteraceae",37,135,0.01,0.01,26,3,1,0,0,3.85,12.333,0.081,1,1,-1,1,"matched","Bacteria",NA,20,"Immundisolibacteraceae",FALSE,FALSE
"Intrasporangiaceae",169,1573,0.06,0.13,429,161,201,0.02,0.21,46.85,1.05,0.953,1,1,-1,1,"matched","Bacteria",NA,15,"Intrasporangiaceae",FALSE,FALSE
"Iodidimonadaceae",11,95,0,0.01,8,7,8,0,0.01,100,1.571,0.636,1,1,-1,1,"matched","Bacteria",NA,10,"Iodidimonadaceae",FALSE,FALSE
"Isosphaeraceae",492,2150,0.19,0.18,213,23,20,0.01,0.03,9.39,21.391,0.047,1,1,-1,1,"matched","Bacteria",NA,20,"Isosphaeraceae",FALSE,FALSE
"Jatrophihabitantaceae",63,513,0.02,0.04,99,9,5,0,0.01,5.05,7,0.143,1,1,-1,1,"matched","Bacteria",NA,20,"Jatrophihabitantaceae",FALSE,FALSE
"Jiangellaceae",24,66,0.01,0.01,53,21,22,0,0.03,41.51,1.143,0.875,1,1,-1,1,"matched","Bacteria",NA,15,"Jiangellaceae",FALSE,FALSE
"Jonesiaceae",5,192,0,0.02,18,13,12,0,0.02,66.67,0.385,2.6,1,1,-1,1,"matched","Bacteria",NA,10,"Jonesiaceae",FALSE,FALSE
"Kaistiaceae",96,352,0.04,0.03,92,23,27,0,0.03,29.35,4.174,0.24,1,1,-1,1,"matched","Bacteria",NA,15,"Kaistiaceae",FALSE,FALSE
"Kallotenuaceae",4,6,0,0,2,2,2,0,0,100,2,0.5,1,1,-1,1,"matched","Bacteria",NA,10,"Kallotenuaceae",FALSE,FALSE
"Kangiellaceae",23,98,0.01,0.01,84,18,15,0,0.02,17.86,1.278,0.783,1,1,-1,1,"matched","Bacteria",NA,15,"Kangiellaceae",FALSE,FALSE
"Kiloniellaceae",165,526,0.06,0.04,94,15,13,0,0.02,13.83,11,0.091,1,1,-1,1,"matched","Bacteria",NA,15,"Kiloniellaceae",FALSE,FALSE
"Kineosporiaceae",85,459,0.03,0.04,103,57,61,0,0.07,59.22,1.491,0.671,1,1,-1,1,"matched","Bacteria",NA,10,"Kineosporiaceae",FALSE,FALSE
"Kordiimonadaceae",79,170,0.03,0.01,83,22,18,0,0.03,21.69,3.591,0.278,1,1,-1,1,"matched","Bacteria",NA,15,"Kordiimonadaceae",FALSE,FALSE
"Kosmotogaceae",34,312,0.01,0.03,131,32,23,0.01,0.04,17.56,1.062,0.941,1,1,-1,1,"matched","Bacteria",NA,15,"Kosmotogaceae",FALSE,FALSE
"Kribbellaceae",33,294,0.01,0.02,135,100,110,0.01,0.13,81.48,0.33,3.03,1,1,-1,1,"matched","Bacteria",NA,10,"Kribbellaceae",FALSE,FALSE
"Ktedonobacteraceae",806,1977,0.31,0.17,171,15,5,0.01,0.02,2.92,53.733,0.019,1,1,-1,1,"matched","Bacteria",NA,20,"Ktedonobacteraceae",FALSE,FALSE
"Kytococcaceae",2,14,0,0,22,7,15,0,0.01,68.18,0.286,3.5,1,1,-1,1,"matched","Bacteria",NA,10,"Kytococcaceae",FALSE,FALSE
"Labilitrichaceae",5,13,0,0,24,3,1,0,0,4.17,1.667,0.6,1,1,-1,1,"matched","Bacteria",NA,20,"Labilitrichaceae",FALSE,FALSE
"Lachnospiraceae",12280,29811,4.68,2.5,42345,1444,3055,1.78,1.84,7.21,8.504,0.118,1,1,-1,1,"matched","Bacteria",NA,20,"Lachnospiraceae",FALSE,FALSE
"Lacipirellulaceae",21,31,0.01,0,54,20,15,0,0.03,27.78,1.05,0.952,1,1,-1,1,"matched","Bacteria",NA,15,"Lacipirellulaceae",FALSE,FALSE
"Lactobacillaceae",1380,7843,0.53,0.66,16494,712,10638,0.69,0.91,64.5,1.938,0.516,1,1,-1,1,"matched","Bacteria",NA,10,"Lactobacillaceae",FALSE,FALSE
"Lawsonellaceae",42,207,0.02,0.02,24,3,4,0,0,16.67,14,0.071,1,1,-1,1,"matched","Bacteria",NA,15,"Lawsonellaceae",FALSE,FALSE
"Legionellaceae",462,1450,0.18,0.12,8496,101,8329,0.36,0.13,98.03,4.574,0.219,1,1,-1,1,"matched","Bacteria",NA,10,"Legionellaceae",FALSE,FALSE
"Lentimicrobiaceae",468,2483,0.18,0.21,176,7,3,0.01,0.01,1.7,66.857,0.015,1,1,-1,1,"matched","Bacteria",NA,20,"Lentimicrobiaceae",FALSE,FALSE
"Leptolyngbyaceae",359,1192,0.14,0.1,212,148,79,0.01,0.19,37.26,2.426,0.412,1,1,-1,1,"matched","Bacteria",NA,15,"Leptolyngbyaceae",FALSE,FALSE
"Leptospiraceae",296,1398,0.11,0.12,1210,110,1005,0.05,0.14,83.06,2.691,0.372,1,1,-1,1,"matched","Bacteria",NA,10,"Leptospiraceae",FALSE,FALSE
"Leptotrichiaceae",289,999,0.11,0.08,330,46,97,0.01,0.06,29.39,6.283,0.159,1,1,-1,1,"matched","Bacteria",NA,15,"Leptotrichiaceae",FALSE,FALSE
"Lewinellaceae",157,417,0.06,0.03,129,24,21,0.01,0.03,16.28,6.542,0.153,1,1,-1,1,"matched","Bacteria",NA,15,"Lewinellaceae",FALSE,FALSE
"Limnochordaceae",105,244,0.04,0.02,7,3,1,0,0,14.29,35,0.029,1,1,-1,1,"matched","Bacteria",NA,15,"Limnochordaceae",FALSE,FALSE
"Listeriaceae",31,1399,0.01,0.12,68449,44,68444,2.87,0.06,99.99,0.705,1.419,1,1,-1,1,"matched","Bacteria",NA,10,"Listeriaceae",FALSE,FALSE
"Luteibaculaceae",9,15,0,0,5,3,1,0,0,20,3,0.333,1,1,-1,1,"matched","Bacteria",NA,15,"Luteibaculaceae",FALSE,FALSE
"Magnetococcaceae",141,251,0.05,0.02,13,13,0,0,0.02,0,10.846,0.092,1,1,-1,1,"matched","Bacteria",NA,25,"Magnetococcaceae",FALSE,FALSE
"Maricaulaceae",69,343,0.03,0.03,176,49,42,0.01,0.06,23.86,1.408,0.71,1,1,-1,1,"matched","Bacteria",NA,15,"Maricaulaceae",FALSE,FALSE
"Marinifilaceae",184,684,0.07,0.06,79,26,27,0,0.03,34.18,7.077,0.141,1,1,-1,1,"matched","Bacteria",NA,15,"Marinifilaceae",FALSE,FALSE
"Marinilabiliaceae",419,1176,0.16,0.1,142,51,40,0.01,0.06,28.17,8.216,0.122,1,1,-1,1,"matched","Bacteria",NA,15,"Marinilabiliaceae",FALSE,FALSE
"Marinobacteraceae",284,1490,0.11,0.12,747,206,278,0.03,0.26,37.22,1.379,0.725,1,1,-1,1,"matched","Bacteria",NA,15,"Marinobacteraceae",FALSE,FALSE
"Mariprofundaceae",111,409,0.04,0.03,101,15,16,0,0.02,15.84,7.4,0.135,1,1,-1,1,"matched","Bacteria",NA,15,"Mariprofundaceae",FALSE,FALSE
"Marivirgaceae",20,137,0.01,0.01,26,11,13,0,0.01,50,1.818,0.55,1,1,-1,1,"matched","Bacteria",NA,10,"Marivirgaceae",FALSE,FALSE
"Melioribacteraceae",3,5,0,0,189,18,5,0.01,0.02,2.65,0.167,6,1,1,-1,1,"matched","Bacteria",NA,20,"Melioribacteraceae",FALSE,FALSE
"Merismopediaceae",46,145,0.02,0.01,45,21,35,0,0.03,77.78,2.19,0.457,1,1,-1,1,"matched","Bacteria",NA,10,"Merismopediaceae",FALSE,FALSE
"Mesoaciditogaceae",13,28,0,0,35,6,2,0,0.01,5.71,2.167,0.462,1,1,-1,1,"matched","Bacteria",NA,20,"Mesoaciditogaceae",FALSE,FALSE
"Methylacidiphilaceae",133,1168,0.05,0.1,24,10,17,0,0.01,70.83,13.3,0.075,1,1,-1,1,"matched","Bacteria",NA,10,"Methylacidiphilaceae",FALSE,FALSE
"Methylobacteriaceae",213,1410,0.08,0.12,729,329,489,0.03,0.42,67.08,0.647,1.545,1,1,-1,1,"matched","Bacteria",NA,10,"Methylobacteriaceae",FALSE,FALSE
"Methylococcaceae",311,2072,0.12,0.17,1004,140,139,0.04,0.18,13.84,2.221,0.45,1,1,-1,1,"matched","Bacteria",NA,15,"Methylococcaceae",FALSE,FALSE
"Methylocystaceae",54,366,0.02,0.03,189,50,56,0.01,0.06,29.63,1.08,0.926,1,1,-1,1,"matched","Bacteria",NA,15,"Methylocystaceae",FALSE,FALSE
"Methylophilaceae",298,3964,0.11,0.33,1153,91,199,0.05,0.12,17.26,3.275,0.305,1,1,-1,1,"matched","Bacteria",NA,15,"Methylophilaceae",FALSE,FALSE
"Methylothermaceae",18,39,0.01,0,20,6,3,0,0.01,15,3,0.333,1,1,-1,1,"matched","Bacteria",NA,15,"Methylothermaceae",FALSE,FALSE
"Microbacteriaceae",897,6634,0.34,0.56,4395,1834,2821,0.18,2.34,64.19,0.489,2.045,1,1,-1,1,"matched","Bacteria",NA,10,"Microbacteriaceae",FALSE,FALSE
"Microbulbiferaceae",25,135,0.01,0.01,96,60,89,0,0.08,92.71,0.417,2.4,1,1,-1,1,"matched","Bacteria",NA,10,"Microbulbiferaceae",FALSE,FALSE
"Micrococcaceae",960,4723,0.37,0.4,2923,1061,2172,0.12,1.35,74.31,0.905,1.105,1,1,-1,1,"matched","Bacteria",NA,10,"Micrococcaceae",FALSE,FALSE
"Microcoleaceae",111,723,0.04,0.06,568,413,354,0.02,0.53,62.32,0.269,3.721,1,1,-1,1,"matched","Bacteria",NA,10,"Microcoleaceae",FALSE,FALSE
"Microcystaceae",38,608,0.01,0.05,498,168,95,0.02,0.21,19.08,0.226,4.421,1,1,-1,1,"matched","Bacteria",NA,15,"Microcystaceae",FALSE,FALSE
"Micromonosporaceae",436,2030,0.17,0.17,1426,819,1296,0.06,1.04,90.88,0.532,1.878,1,1,-1,1,"matched","Bacteria",NA,10,"Micromonosporaceae",FALSE,FALSE
"Micropepsaceae",161,1409,0.06,0.12,208,5,5,0.01,0.01,2.4,32.2,0.031,1,1,-1,1,"matched","Bacteria",NA,20,"Micropepsaceae",FALSE,FALSE
"Moraxellaceae",1204,6928,0.46,0.58,45481,1177,43436,1.91,1.5,95.5,1.023,0.978,1,1,-1,1,"matched","Bacteria",NA,10,"Moraxellaceae",FALSE,FALSE
"Morganellaceae",513,1856,0.2,0.16,8457,521,8289,0.35,0.66,98.01,0.985,1.016,1,1,-1,1,"matched","Bacteria",NA,10,"Morganellaceae",FALSE,FALSE
"Moritellaceae",21,117,0.01,0.01,38,14,27,0,0.02,71.05,1.5,0.667,1,1,-1,1,"matched","Bacteria",NA,10,"Moritellaceae",FALSE,FALSE
"Motilibacteraceae",3,10,0,0,6,6,4,0,0.01,66.67,0.5,2,1,1,-1,1,"matched","Bacteria",NA,10,"Motilibacteraceae",FALSE,FALSE
"Mucispirillaceae",21,40,0.01,0,854,5,5,0.04,0.01,0.59,4.2,0.238,1,1,-1,1,"matched","Bacteria",NA,20,"Mucispirillaceae",FALSE,FALSE
"Muribaculaceae",1547,3396,0.59,0.28,23988,64,75,1.01,0.08,0.31,24.172,0.041,1,1,-1,1,"matched","Bacteria",NA,20,"Muribaculaceae",FALSE,FALSE
"Mycobacteriaceae",307,4412,0.12,0.37,14439,605,13860,0.61,0.77,95.99,0.507,1.971,1,1,-1,1,"matched","Bacteria",NA,10,"Mycobacteriaceae",FALSE,FALSE
"Mycoplasmataceae",367,1256,0.14,0.11,569,142,282,0.02,0.18,49.56,2.585,0.387,1,1,-1,1,"matched","Bacteria",NA,15,"Mycoplasmataceae",FALSE,FALSE
"Mycoplasmoidaceae",5,9,0,0,589,29,437,0.02,0.04,74.19,0.172,5.8,1,1,-1,1,"matched","Bacteria",NA,10,"Mycoplasmoidaceae",FALSE,FALSE
"Myxococcaceae",465,1752,0.18,0.15,306,104,151,0.01,0.13,49.35,4.471,0.224,1,1,-1,1,"matched","Bacteria",NA,15,"Myxococcaceae",FALSE,FALSE
"Nakamurellaceae",50,430,0.02,0.04,55,17,17,0,0.02,30.91,2.941,0.34,1,1,-1,1,"matched","Bacteria",NA,15,"Nakamurellaceae",FALSE,FALSE
"Nannocystaceae",118,380,0.04,0.03,100,18,17,0,0.02,17,6.556,0.153,1,1,-1,1,"matched","Bacteria",NA,15,"Nannocystaceae",FALSE,FALSE
"Natranaerobiaceae",28,106,0.01,0.01,3,2,3,0,0,100,14,0.071,1,1,-1,1,"matched","Bacteria",NA,10,"Natranaerobiaceae",FALSE,FALSE
"Nautiliaceae",95,584,0.04,0.05,63,13,13,0,0.02,20.63,7.308,0.137,1,1,-1,1,"matched","Bacteria",NA,15,"Nautiliaceae",FALSE,FALSE
"Neisseriaceae",472,2677,0.18,0.22,58488,225,57817,2.45,0.29,98.85,2.098,0.477,1,1,-1,1,"matched","Bacteria",NA,10,"Neisseriaceae",FALSE,FALSE
"Neomegalonemataceae",2,9,0,0,31,3,1,0,0,3.23,0.667,1.5,1,1,-1,1,"matched","Bacteria",NA,20,"Neomegalonemataceae",FALSE,FALSE
"Nitratiruptoraceae",28,46,0.01,0,40,13,11,0,0.02,27.5,2.154,0.464,1,1,-1,1,"matched","Bacteria",NA,15,"Nitratiruptoraceae",FALSE,FALSE
"Nitriliruptoraceae",60,199,0.02,0.02,116,5,2,0,0.01,1.72,12,0.083,1,1,-1,1,"matched","Bacteria",NA,20,"Nitriliruptoraceae",FALSE,FALSE
"Nitrobacteraceae",279,4565,0.11,0.38,1904,862,1427,0.08,1.1,74.95,0.324,3.09,1,1,-1,1,"matched","Bacteria",NA,10,"Nitrobacteraceae",FALSE,FALSE
"Nitrosomonadaceae",710,6210,0.27,0.52,536,63,90,0.02,0.08,16.79,11.27,0.089,1,1,-1,1,"matched","Bacteria",NA,15,"Nitrosomonadaceae",FALSE,FALSE
"Nitrospinaceae",271,1284,0.1,0.11,279,20,13,0.01,0.03,4.66,13.55,0.074,1,1,-1,1,"matched","Bacteria",NA,20,"Nitrospinaceae",FALSE,FALSE
"Nitrospiraceae",500,3718,0.19,0.31,1343,96,31,0.06,0.12,2.31,5.208,0.192,1,1,-1,1,"matched","Bacteria",NA,20,"Nitrospiraceae",FALSE,FALSE
"Nocardiaceae",263,1937,0.1,0.16,2337,817,2185,0.1,1.04,93.5,0.322,3.106,1,1,-1,1,"matched","Bacteria",NA,10,"Nocardiaceae",FALSE,FALSE
"Nocardioidaceae",667,2782,0.25,0.23,1251,413,493,0.05,0.53,39.41,1.615,0.619,1,1,-1,1,"matched","Bacteria",NA,15,"Nocardioidaceae",FALSE,FALSE
"Nocardiopsaceae",110,439,0.04,0.04,240,127,215,0.01,0.16,89.58,0.866,1.155,0,1,0,1,"matched","Bacteria",NA,10,"Nocardiopsaceae",FALSE,FALSE
"Nostocaceae",181,1030,0.07,0.09,453,234,208,0.02,0.3,45.92,0.774,1.293,1,1,-1,1,"matched","Bacteria",NA,15,"Nostocaceae",FALSE,FALSE
"Oceanospirillaceae",354,1500,0.13,0.13,974,279,291,0.04,0.36,29.88,1.269,0.788,1,1,-1,1,"matched","Bacteria",NA,15,"Oceanospirillaceae",FALSE,FALSE
"Oculatellaceae",7,29,0,0,34,25,9,0,0.03,26.47,0.28,3.571,1,1,-1,1,"matched","Bacteria",NA,15,"Oculatellaceae",FALSE,FALSE
"Odoribacteraceae",96,604,0.04,0.05,1906,43,131,0.08,0.05,6.87,2.233,0.448,1,1,-1,1,"matched","Bacteria",NA,20,"Odoribacteraceae",FALSE,FALSE
"Oleiphilaceae",29,85,0.01,0.01,71,32,29,0,0.04,40.85,0.906,1.103,1,1,-1,1,"matched","Bacteria",NA,15,"Oleiphilaceae",FALSE,FALSE
"Opitutaceae",427,4052,0.16,0.34,705,50,33,0.03,0.06,4.68,8.54,0.117,1,1,-1,1,"matched","Bacteria",NA,20,"Opitutaceae",FALSE,FALSE
"Orbaceae",31,108,0.01,0.01,325,169,238,0.01,0.22,73.23,0.183,5.452,1,1,-1,1,"matched","Bacteria",NA,10,"Orbaceae",FALSE,FALSE
"Ornithinimicrobiaceae",22,74,0.01,0.01,63,35,51,0,0.04,80.95,0.629,1.591,1,1,-1,1,"matched","Bacteria",NA,10,"Ornithinimicrobiaceae",FALSE,FALSE
"Oscillatoriaceae",107,366,0.04,0.03,85,67,39,0,0.09,45.88,1.597,0.626,1,1,-1,1,"matched","Bacteria",NA,15,"Oscillatoriaceae",FALSE,FALSE
"Oscillochloridaceae",18,29,0.01,0,46,13,7,0,0.02,15.22,1.385,0.722,1,1,-1,1,"matched","Bacteria",NA,15,"Oscillochloridaceae",FALSE,FALSE
"Oscillospiraceae",5753,16512,2.19,1.38,23786,1039,1203,1,1.32,5.06,5.537,0.181,1,1,-1,1,"matched","Bacteria",NA,20,"Oscillospiraceae",FALSE,FALSE
"Oxalobacteraceae",808,4531,0.31,0.38,1177,553,671,0.05,0.7,57.01,1.461,0.684,1,1,-1,1,"matched","Bacteria",NA,10,"Oxalobacteraceae",FALSE,FALSE
"Paenibacillaceae",1247,5325,0.48,0.45,2609,1127,2425,0.11,1.44,92.95,1.106,0.904,1,1,-1,1,"matched","Bacteria",NA,10,"Paenibacillaceae",FALSE,FALSE
"Paludibacteraceae",386,1426,0.15,0.12,927,23,4,0.04,0.03,0.43,16.783,0.06,1,1,-1,1,"matched","Bacteria",NA,20,"Paludibacteraceae",FALSE,FALSE
"Parachlamydiaceae",6,6,0,0,61,20,20,0,0.03,32.79,0.3,3.333,1,1,-1,1,"matched","Bacteria",NA,15,"Parachlamydiaceae",FALSE,FALSE
"Paracoccaceae",1092,4625,0.42,0.39,4436,881,1559,0.19,1.12,35.14,1.24,0.807,1,1,-1,1,"matched","Bacteria",NA,15,"Paracoccaceae",FALSE,FALSE
"Parvibaculaceae",89,518,0.03,0.04,228,20,14,0.01,0.03,6.14,4.45,0.225,1,1,-1,1,"matched","Bacteria",NA,20,"Parvibaculaceae",FALSE,FALSE
"Parvularculaceae",85,452,0.03,0.04,149,27,24,0.01,0.03,16.11,3.148,0.318,1,1,-1,1,"matched","Bacteria",NA,15,"Parvularculaceae",FALSE,FALSE
"Pasteurellaceae",650,4161,0.25,0.35,9033,207,8325,0.38,0.26,92.16,3.14,0.318,1,1,-1,1,"matched","Bacteria",NA,10,"Pasteurellaceae",FALSE,FALSE
"Pasteuriaceae",19,34,0.01,0,2,2,2,0,0,100,9.5,0.105,1,1,-1,1,"matched","Bacteria",NA,10,"Pasteuriaceae",FALSE,FALSE
"Patulibacteraceae",12,34,0,0,17,9,7,0,0.01,41.18,1.333,0.75,1,1,-1,1,"matched","Bacteria",NA,15,"Patulibacteraceae",FALSE,FALSE
"Pectobacteriaceae",90,759,0.03,0.06,1154,101,1150,0.05,0.13,99.65,0.891,1.122,1,1,-1,1,"matched","Bacteria",NA,10,"Pectobacteriaceae",FALSE,FALSE
"Peptococcaceae",585,1093,0.22,0.09,585,75,59,0.02,0.1,10.09,7.8,0.128,1,1,-1,1,"matched","Bacteria",NA,15,"Peptococcaceae",FALSE,FALSE
"Peptoniphilaceae",425,1369,0.16,0.11,829,152,266,0.03,0.19,32.09,2.796,0.358,1,1,-1,1,"matched","Bacteria",NA,15,"Peptoniphilaceae",FALSE,FALSE
"Peptostreptococcaceae",422,3019,0.16,0.25,23344,132,22722,0.98,0.17,97.34,3.197,0.313,1,1,-1,1,"matched","Bacteria",NA,10,"Peptostreptococcaceae",FALSE,FALSE
"Perlucidibacaceae",6,59,0,0,10,4,2,0,0.01,20,1.5,0.667,1,1,-1,1,"matched","Bacteria",NA,15,"Perlucidibacaceae",FALSE,FALSE
"Persicobacteraceae",4,16,0,0,8,7,7,0,0.01,87.5,0.571,1.75,1,1,-1,1,"matched","Bacteria",NA,10,"Persicobacteraceae",FALSE,FALSE
"Petrotogaceae",68,663,0.03,0.06,93,42,37,0,0.05,39.78,1.619,0.618,1,1,-1,1,"matched","Bacteria",NA,15,"Petrotogaceae",FALSE,FALSE
"Phreatobacteraceae",45,144,0.02,0.01,22,8,5,0,0.01,22.73,5.625,0.178,1,1,-1,1,"matched","Bacteria",NA,15,"Phreatobacteraceae",FALSE,FALSE
"Phycisphaeraceae",1258,5650,0.48,0.47,375,19,8,0.02,0.02,2.13,66.211,0.015,1,1,-1,1,"matched","Bacteria",NA,20,"Phycisphaeraceae",FALSE,FALSE
"Phyllobacteriaceae",338,1779,0.13,0.15,2154,1082,1261,0.09,1.38,58.54,0.312,3.201,1,1,-1,1,"matched","Bacteria",NA,10,"Phyllobacteriaceae",FALSE,FALSE
"Pirellulaceae",2878,10097,1.1,0.85,928,95,144,0.04,0.12,15.52,30.295,0.033,1,1,-1,1,"matched","Bacteria",NA,15,"Pirellulaceae",FALSE,FALSE
"Piscirickettsiaceae",191,1210,0.07,0.1,511,133,158,0.02,0.17,30.92,1.436,0.696,1,1,-1,1,"matched","Bacteria",NA,15,"Piscirickettsiaceae",FALSE,FALSE
"Planctomycetaceae",233,857,0.09,0.07,1735,90,76,0.07,0.11,4.38,2.589,0.386,1,1,-1,1,"matched","Bacteria",NA,20,"Planctomycetaceae",FALSE,FALSE
"Planococcaceae",348,1486,0.13,0.12,641,324,431,0.03,0.41,67.24,1.074,0.931,0,1,0,1,"matched","Bacteria",NA,10,"Planococcaceae",FALSE,FALSE
"Pleioneaceae",17,46,0.01,0,13,10,9,0,0.01,69.23,1.7,0.588,1,1,-1,1,"matched","Bacteria",NA,10,"Pleioneaceae",FALSE,FALSE
"Pleomorphomonadaceae",34,117,0.01,0.01,27,20,20,0,0.03,74.07,1.7,0.588,1,1,-1,1,"matched","Bacteria",NA,10,"Pleomorphomonadaceae",FALSE,FALSE
"Polyangiaceae",308,1464,0.12,0.12,463,30,31,0.02,0.04,6.7,10.267,0.097,1,1,-1,1,"matched","Bacteria",NA,20,"Polyangiaceae",FALSE,FALSE
"Porphyromonadaceae",310,1436,0.12,0.12,3747,237,224,0.16,0.3,5.98,1.308,0.765,1,1,-1,1,"matched","Bacteria",NA,20,"Porphyromonadaceae",FALSE,FALSE
"Porticoccaceae",181,931,0.07,0.08,569,42,138,0.02,0.05,24.25,4.31,0.232,1,1,-1,1,"matched","Bacteria",NA,15,"Porticoccaceae",FALSE,FALSE
"Prevotellaceae",2810,8135,1.07,0.68,10599,452,727,0.44,0.58,6.86,6.217,0.161,1,1,-1,1,"matched","Bacteria",NA,20,"Prevotellaceae",FALSE,FALSE
"Prochloraceae",6,21,0,0,18,7,0,0,0.01,0,0.857,1.167,1,1,-1,1,"matched","Bacteria",NA,25,"Prochloraceae",FALSE,FALSE
"Prochlorococcaceae",139,1245,0.05,0.1,1700,883,865,0.07,1.13,50.88,0.157,6.353,1,1,-1,1,"matched","Bacteria",NA,10,"Prochlorococcaceae",FALSE,FALSE
"Prochlorotrichaceae",33,207,0.01,0.02,8,5,1,0,0.01,12.5,6.6,0.152,1,1,-1,1,"matched","Bacteria",NA,15,"Prochlorotrichaceae",FALSE,FALSE
"Prolixibacteraceae",742,2281,0.28,0.19,587,53,41,0.02,0.07,6.98,14,0.071,1,1,-1,1,"matched","Bacteria",NA,20,"Prolixibacteraceae",FALSE,FALSE
"Promicromonosporaceae",78,343,0.03,0.03,230,123,197,0.01,0.16,85.65,0.634,1.577,1,1,-1,1,"matched","Bacteria",NA,10,"Promicromonosporaceae",FALSE,FALSE
"Propionibacteriaceae",675,4329,0.26,0.36,3080,183,2460,0.13,0.23,79.87,3.689,0.271,1,1,-1,1,"matched","Bacteria",NA,10,"Propionibacteriaceae",FALSE,FALSE
"Proteinivoraceae",13,26,0,0,7,7,7,0,0.01,100,1.857,0.538,1,1,-1,1,"matched","Bacteria",NA,10,"Proteinivoraceae",FALSE,FALSE
"Pseudanabaenaceae",89,614,0.03,0.05,241,91,34,0.01,0.12,14.11,0.978,1.022,1,1,-1,1,"matched","Bacteria",NA,15,"Pseudanabaenaceae",FALSE,FALSE
"Pseudoalteromonadaceae",375,1914,0.14,0.16,961,525,761,0.04,0.67,79.19,0.714,1.4,1,1,-1,1,"matched","Bacteria",NA,10,"Pseudoalteromonadaceae",FALSE,FALSE
"Pseudobacteriovoracaceae",11,48,0,0,11,2,2,0,0,18.18,5.5,0.182,1,1,-1,1,"matched","Bacteria",NA,15,"Pseudobacteriovoracaceae",FALSE,FALSE
"Pseudobdellovibrionaceae",458,965,0.17,0.08,631,101,54,0.03,0.13,8.56,4.535,0.221,1,1,-1,1,"matched","Bacteria",NA,20,"Pseudobdellovibrionaceae",FALSE,FALSE
"Pseudomonadaceae",2409,13628,0.92,1.14,52709,3102,50504,2.21,3.95,95.82,0.777,1.288,1,1,-1,1,"matched","Bacteria",NA,10,"Pseudomonadaceae",FALSE,FALSE
"Pseudonocardiaceae",536,2438,0.2,0.2,1124,646,877,0.05,0.82,78.02,0.83,1.205,1,1,-1,1,"matched","Bacteria",NA,10,"Pseudonocardiaceae",FALSE,FALSE
"Pseudoxanthobacteraceae",4,16,0,0,10,5,3,0,0.01,30,0.8,1.25,0,1,0,1,"matched","Bacteria",NA,15,"Pseudoxanthobacteraceae",FALSE,FALSE
"Psychromonadaceae",25,220,0.01,0.02,72,36,37,0,0.05,51.39,0.694,1.44,1,1,-1,1,"matched","Bacteria",NA,10,"Psychromonadaceae",FALSE,FALSE
"Puniceicoccaceae",418,1830,0.16,0.15,127,10,9,0.01,0.01,7.09,41.8,0.024,1,1,-1,1,"matched","Bacteria",NA,20,"Puniceicoccaceae",FALSE,FALSE
"Raineyaceae",15,72,0.01,0.01,11,3,1,0,0,9.09,5,0.2,1,1,-1,1,"matched","Bacteria",NA,20,"Raineyaceae",FALSE,FALSE
"Rarobacteraceae",3,6,0,0,4,2,4,0,0,100,1.5,0.667,1,1,-1,1,"matched","Bacteria",NA,10,"Rarobacteraceae",FALSE,FALSE
"Rectinemataceae",1,1,0,0,79,3,1,0,0,1.27,0.333,3,1,1,-1,1,"matched","Bacteria",NA,20,"Rectinemataceae",FALSE,FALSE
"Reichenbachiellaceae",128,862,0.05,0.07,179,22,17,0.01,0.03,9.5,5.818,0.172,1,1,-1,1,"matched","Bacteria",NA,20,"Reichenbachiellaceae",FALSE,FALSE
"Reyranellaceae",110,1774,0.04,0.15,115,9,5,0,0.01,4.35,12.222,0.082,1,1,-1,1,"matched","Bacteria",NA,20,"Reyranellaceae",FALSE,FALSE
"Rhizobiaceae",893,4481,0.34,0.38,4389,936,3496,0.18,1.19,79.65,0.954,1.048,1,1,-1,1,"matched","Bacteria",NA,10,"Rhizobiaceae",FALSE,FALSE
"Rhodanobacteraceae",437,2617,0.17,0.22,803,220,256,0.03,0.28,31.88,1.986,0.503,1,1,-1,1,"matched","Bacteria",NA,15,"Rhodanobacteraceae",FALSE,FALSE
"Rhodobiaceae",10,22,0,0,228,22,8,0.01,0.03,3.51,0.455,2.2,1,1,-1,1,"matched","Bacteria",NA,20,"Rhodobiaceae",FALSE,FALSE
"Rhodocyclaceae",395,1594,0.15,0.13,591,64,59,0.02,0.08,9.98,6.172,0.162,1,1,-1,1,"matched","Bacteria",NA,20,"Rhodocyclaceae",FALSE,FALSE
"Rhodospirillaceae",394,2065,0.15,0.17,1109,128,87,0.05,0.16,7.84,3.078,0.325,1,1,-1,1,"matched","Bacteria",NA,20,"Rhodospirillaceae",FALSE,FALSE
"Rhodothalassiaceae",2,7,0,0,7,2,5,0,0,71.43,1,1,1,1,-1,1,"matched","Bacteria",NA,10,"Rhodothalassiaceae",FALSE,FALSE
"Rhodothermaceae",881,3069,0.34,0.26,81,12,13,0,0.02,16.05,73.417,0.014,1,1,-1,1,"matched","Bacteria",NA,15,"Rhodothermaceae",FALSE,FALSE
"Rhodovibrionaceae",86,351,0.03,0.03,54,26,22,0,0.03,40.74,3.308,0.302,1,1,-1,1,"matched","Bacteria",NA,15,"Rhodovibrionaceae",FALSE,FALSE
"Rickettsiaceae",420,1938,0.16,0.16,579,148,282,0.02,0.19,48.7,2.838,0.352,1,1,-1,1,"matched","Bacteria",NA,15,"Rickettsiaceae",FALSE,FALSE
"Rikenellaceae",1913,5299,0.73,0.44,9612,118,496,0.4,0.15,5.16,16.212,0.062,1,1,-1,1,"matched","Bacteria",NA,20,"Rikenellaceae",FALSE,FALSE
"Rivulariaceae",18,44,0.01,0,15,9,4,0,0.01,26.67,2,0.5,1,1,-1,1,"matched","Bacteria",NA,15,"Rivulariaceae",FALSE,FALSE
"Robiginitomaculaceae",51,273,0.02,0.02,170,16,24,0.01,0.02,14.12,3.188,0.314,1,1,-1,1,"matched","Bacteria",NA,15,"Robiginitomaculaceae",FALSE,FALSE
"Roseiarcaceae",58,854,0.02,0.07,44,4,2,0,0.01,4.55,14.5,0.069,1,1,-1,1,"matched","Bacteria",NA,20,"Roseiarcaceae",FALSE,FALSE
"Roseiflexaceae",344,1591,0.13,0.13,116,13,4,0,0.02,3.45,26.462,0.038,1,1,-1,1,"matched","Bacteria",NA,20,"Roseiflexaceae",FALSE,FALSE
"Roseivirgaceae",15,90,0.01,0.01,162,22,23,0.01,0.03,14.2,0.682,1.467,1,1,-1,1,"matched","Bacteria",NA,15,"Roseivirgaceae",FALSE,FALSE
"Roseobacteraceae",974,4042,0.37,0.34,3459,1266,2158,0.15,1.61,62.39,0.769,1.3,1,1,-1,1,"matched","Bacteria",NA,10,"Roseobacteraceae",FALSE,FALSE
"Ruaniaceae",5,9,0,0,24,16,15,0,0.02,62.5,0.312,3.2,1,1,-1,1,"matched","Bacteria",NA,10,"Ruaniaceae",FALSE,FALSE
"Rubritaleaceae",62,209,0.02,0.02,23,8,8,0,0.01,34.78,7.75,0.129,1,1,-1,1,"matched","Bacteria",NA,15,"Rubritaleaceae",FALSE,FALSE
"Rubrobacteraceae",211,1322,0.08,0.11,191,14,14,0.01,0.02,7.33,15.071,0.066,1,1,-1,1,"matched","Bacteria",NA,20,"Rubrobacteraceae",FALSE,FALSE
"Saccharospirillaceae",68,309,0.03,0.03,79,26,25,0,0.03,31.65,2.615,0.382,1,1,-1,1,"matched","Bacteria",NA,15,"Saccharospirillaceae",FALSE,FALSE
"Salibacteraceae",1,4,0,0,41,3,17,0,0,41.46,0.333,3,1,1,-1,1,"matched","Bacteria",NA,15,"Salibacteraceae",FALSE,FALSE
"Salinarimonadaceae",9,74,0,0.01,16,9,5,0,0.01,31.25,1,1,1,1,-1,1,"matched","Bacteria",NA,15,"Salinarimonadaceae",FALSE,FALSE
"Salinisphaeraceae",39,87,0.01,0.01,48,25,23,0,0.03,47.92,1.56,0.641,1,1,-1,1,"matched","Bacteria",NA,15,"Salinisphaeraceae",FALSE,FALSE
"Salinivirgaceae",69,215,0.03,0.02,36,3,1,0,0,2.78,23,0.043,1,1,-1,1,"matched","Bacteria",NA,20,"Salinivirgaceae",FALSE,FALSE
"Sandaracinaceae",360,1409,0.14,0.12,85,6,2,0,0.01,2.35,60,0.017,1,1,-1,1,"matched","Bacteria",NA,20,"Sandaracinaceae",FALSE,FALSE
"Sanguibacteraceae",30,133,0.01,0.01,22,14,16,0,0.02,72.73,2.143,0.467,1,1,-1,1,"matched","Bacteria",NA,10,"Sanguibacteraceae",FALSE,FALSE
"Saprospiraceae",1091,4819,0.42,0.4,1441,36,42,0.06,0.05,2.91,30.306,0.033,1,1,-1,1,"matched","Bacteria",NA,20,"Saprospiraceae",FALSE,FALSE
"Schleiferiaceae",83,198,0.03,0.02,302,5,91,0.01,0.01,30.13,16.6,0.06,1,1,-1,1,"matched","Bacteria",NA,15,"Schleiferiaceae",FALSE,FALSE
"Scytonemataceae",57,240,0.02,0.02,36,24,26,0,0.03,72.22,2.375,0.421,1,1,-1,1,"matched","Bacteria",NA,10,"Scytonemataceae",FALSE,FALSE
"Sedimentisphaeraceae",2,11,0,0,6,5,4,0,0.01,66.67,0.4,2.5,1,1,-1,1,"matched","Bacteria",NA,10,"Sedimentisphaeraceae",FALSE,FALSE
"Segniliparaceae",3,8,0,0,2,2,2,0,0,100,1.5,0.667,1,1,-1,1,"matched","Bacteria",NA,10,"Segniliparaceae",FALSE,FALSE
"Selenomonadaceae",369,1665,0.14,0.14,1111,86,147,0.05,0.11,13.23,4.291,0.233,1,1,-1,1,"matched","Bacteria",NA,15,"Selenomonadaceae",FALSE,FALSE
"Shewanellaceae",223,1412,0.09,0.12,1015,313,915,0.04,0.4,90.15,0.712,1.404,1,1,-1,1,"matched","Bacteria",NA,10,"Shewanellaceae",FALSE,FALSE
"Silvanigrellaceae",84,359,0.03,0.03,29,10,7,0,0.01,24.14,8.4,0.119,1,1,-1,1,"matched","Bacteria",NA,15,"Silvanigrellaceae",FALSE,FALSE
"Sinobacteraceae",109,492,0.04,0.04,195,41,28,0.01,0.05,14.36,2.659,0.376,0,1,0,1,"matched","Bacteria",NA,15,"Sinobacteraceae",FALSE,FALSE
"Smithellaceae",89,687,0.03,0.06,246,16,4,0.01,0.02,1.63,5.562,0.18,1,1,-1,1,"matched","Bacteria",NA,20,"Smithellaceae",FALSE,FALSE
"Sneathiellaceae",43,138,0.02,0.01,56,15,17,0,0.02,30.36,2.867,0.349,1,1,-1,1,"matched","Bacteria",NA,15,"Sneathiellaceae",FALSE,FALSE
"Solibacteraceae",415,2187,0.16,0.18,213,13,4,0.01,0.02,1.88,31.923,0.031,1,1,-1,1,"matched","Bacteria",NA,20,"Solibacteraceae",FALSE,FALSE
"Solirubrobacteraceae",171,1546,0.07,0.13,975,12,100,0.04,0.02,10.26,14.25,0.07,1,1,-1,1,"matched","Bacteria",NA,15,"Solirubrobacteraceae",FALSE,FALSE
"Sphaerobacteraceae",46,173,0.02,0.01,35,6,2,0,0.01,5.71,7.667,0.13,1,1,-1,1,"matched","Bacteria",NA,20,"Sphaerobacteraceae",FALSE,FALSE
"Sphaerochaetaceae",206,995,0.08,0.08,382,26,10,0.02,0.03,2.62,7.923,0.126,1,1,-1,1,"matched","Bacteria",NA,20,"Sphaerochaetaceae",FALSE,FALSE
"Sphaerotilaceae",119,1295,0.05,0.11,819,189,214,0.03,0.24,26.13,0.63,1.588,1,1,-1,1,"matched","Bacteria",NA,15,"Sphaerotilaceae",FALSE,FALSE
"Sphingobacteriaceae",860,4993,0.33,0.42,1544,558,674,0.06,0.71,43.65,1.541,0.649,1,1,-1,1,"matched","Bacteria",NA,15,"Sphingobacteriaceae",FALSE,FALSE
"Sphingomonadaceae",1382,8519,0.53,0.71,3859,1090,1399,0.16,1.39,36.25,1.268,0.789,1,1,-1,1,"matched","Bacteria",NA,15,"Sphingomonadaceae",FALSE,FALSE
"Sphingosinicellaceae",69,464,0.03,0.04,139,50,47,0.01,0.06,33.81,1.38,0.725,1,1,-1,1,"matched","Bacteria",NA,15,"Sphingosinicellaceae",FALSE,FALSE
"Spirochaetaceae",1799,5941,0.69,0.5,674,66,30,0.03,0.08,4.45,27.258,0.037,1,1,-1,1,"matched","Bacteria",NA,20,"Spirochaetaceae",FALSE,FALSE
"Spiroplasmataceae",48,228,0.02,0.02,158,118,137,0.01,0.15,86.71,0.407,2.458,1,1,-1,1,"matched","Bacteria",NA,10,"Spiroplasmataceae",FALSE,FALSE
"Spirulinaceae",16,48,0.01,0,19,14,9,0,0.02,47.37,1.143,0.875,1,1,-1,1,"matched","Bacteria",NA,15,"Spirulinaceae",FALSE,FALSE
"Spongiibacteraceae",164,634,0.06,0.05,180,39,36,0.01,0.05,20,4.205,0.238,1,1,-1,1,"matched","Bacteria",NA,15,"Spongiibacteraceae",FALSE,FALSE
"Sporanaerobacteraceae",23,58,0.01,0,18,8,14,0,0.01,77.78,2.875,0.348,1,1,-1,1,"matched","Bacteria",NA,10,"Sporanaerobacteraceae",FALSE,FALSE
"Sporichthyaceae",283,5722,0.11,0.48,22,6,4,0,0.01,18.18,47.167,0.021,1,1,-1,1,"matched","Bacteria",NA,15,"Sporichthyaceae",FALSE,FALSE
"Sporolactobacillaceae",35,182,0.01,0.02,69,36,48,0,0.05,69.57,0.972,1.029,1,1,-1,1,"matched","Bacteria",NA,10,"Sporolactobacillaceae",FALSE,FALSE
"Sporomusaceae",290,868,0.11,0.07,104,48,45,0,0.06,43.27,6.042,0.166,1,1,-1,1,"matched","Bacteria",NA,15,"Sporomusaceae",FALSE,FALSE
"Staphylococcaceae",889,7490,0.34,0.63,127616,781,126883,5.36,1,99.43,1.138,0.879,1,1,-1,1,"matched","Bacteria",NA,10,"Staphylococcaceae",FALSE,FALSE
"Stappiaceae",81,389,0.03,0.03,323,128,168,0.01,0.16,52.01,0.633,1.58,1,1,-1,1,"matched","Bacteria",NA,10,"Stappiaceae",FALSE,FALSE
"Stellaceae",25,143,0.01,0.01,162,6,5,0.01,0.01,3.09,4.167,0.24,1,1,-1,1,"matched","Bacteria",NA,20,"Stellaceae",FALSE,FALSE
"Steroidobacteraceae",199,1599,0.08,0.13,697,13,10,0.03,0.02,1.43,15.308,0.065,1,1,-1,1,"matched","Bacteria",NA,20,"Steroidobacteraceae",FALSE,FALSE
"Sterolibacteriaceae",157,689,0.06,0.06,239,33,23,0.01,0.04,9.62,4.758,0.21,1,1,-1,1,"matched","Bacteria",NA,20,"Sterolibacteriaceae",FALSE,FALSE
"Stigonemataceae",10,41,0,0,5,4,1,0,0.01,20,2.5,0.4,1,1,-1,1,"matched","Bacteria",NA,15,"Stigonemataceae",FALSE,FALSE
"Streptococcaceae",1499,9958,0.57,0.83,158092,659,155933,6.64,0.84,98.63,2.275,0.44,1,1,-1,1,"matched","Bacteria",NA,10,"Streptococcaceae",FALSE,FALSE
"Streptomycetaceae",1376,8291,0.52,0.69,12413,6996,12287,0.52,8.92,98.98,0.197,5.084,1,1,-1,1,"matched","Bacteria",NA,10,"Streptomycetaceae",FALSE,FALSE
"Streptosporangiaceae",162,766,0.06,0.06,962,379,585,0.04,0.48,60.81,0.427,2.34,1,1,-1,1,"matched","Bacteria",NA,10,"Streptosporangiaceae",FALSE,FALSE
"Succinivibrionaceae",131,462,0.05,0.04,527,49,22,0.02,0.06,4.17,2.673,0.374,1,1,-1,1,"matched","Bacteria",NA,20,"Succinivibrionaceae",FALSE,FALSE
"Sulfuricellaceae",56,236,0.02,0.02,86,17,12,0,0.02,13.95,3.294,0.304,1,1,-1,1,"matched","Bacteria",NA,15,"Sulfuricellaceae",FALSE,FALSE
"Sulfurospirillaceae",94,540,0.04,0.05,100,30,23,0,0.04,23,3.133,0.319,1,1,-1,1,"matched","Bacteria",NA,15,"Sulfurospirillaceae",FALSE,FALSE
"Sulfurovaceae",714,1957,0.27,0.16,421,45,17,0.02,0.06,4.04,15.867,0.063,1,1,-1,1,"matched","Bacteria",NA,20,"Sulfurovaceae",FALSE,FALSE
"Sutterellaceae",200,1886,0.08,0.16,2056,52,93,0.09,0.07,4.52,3.846,0.26,1,1,-1,1,"matched","Bacteria",NA,20,"Sutterellaceae",FALSE,FALSE
"Symbiobacteriaceae",186,581,0.07,0.05,30,5,4,0,0.01,13.33,37.2,0.027,1,1,-1,1,"matched","Bacteria",NA,15,"Symbiobacteriaceae",FALSE,FALSE
"Symphyonemataceae",10,15,0,0,1,1,1,0,0,100,10,0.1,1,1,-1,1,"matched","Bacteria",NA,10,"Symphyonemataceae",FALSE,FALSE
"Synechococcaceae",128,2103,0.05,0.18,1107,518,383,0.05,0.66,34.6,0.247,4.047,1,1,-1,1,"matched","Bacteria",NA,15,"Synechococcaceae",FALSE,FALSE
"Synergistaceae",401,1117,0.15,0.09,475,51,24,0.02,0.06,5.05,7.863,0.127,1,1,-1,1,"matched","Bacteria",NA,20,"Synergistaceae",FALSE,FALSE
"Syntrophaceae",154,703,0.06,0.06,371,64,3,0.02,0.08,0.81,2.406,0.416,1,1,-1,1,"matched","Bacteria",NA,20,"Syntrophaceae",FALSE,FALSE
"Syntrophobacteraceae",188,836,0.07,0.07,139,22,8,0.01,0.03,5.76,8.545,0.117,1,1,-1,1,"matched","Bacteria",NA,20,"Syntrophobacteraceae",FALSE,FALSE
"Syntrophomonadaceae",343,890,0.13,0.07,406,60,16,0.02,0.08,3.94,5.717,0.175,1,1,-1,1,"matched","Bacteria",NA,20,"Syntrophomonadaceae",FALSE,FALSE
"Syntrophorhabdaceae",162,800,0.06,0.07,137,14,1,0.01,0.02,0.73,11.571,0.086,1,1,-1,1,"matched","Bacteria",NA,20,"Syntrophorhabdaceae",FALSE,FALSE
"Syntrophotaleaceae",21,64,0.01,0.01,12,6,4,0,0.01,33.33,3.5,0.286,1,1,-1,1,"matched","Bacteria",NA,15,"Syntrophotaleaceae",FALSE,FALSE
"Tannerellaceae",321,1751,0.12,0.15,3142,113,758,0.13,0.14,24.12,2.841,0.352,1,1,-1,1,"matched","Bacteria",NA,15,"Tannerellaceae",FALSE,FALSE
"Temperatibacteraceae",2,2,0,0,2,2,2,0,0,100,1,1,1,1,-1,1,"matched","Bacteria",NA,10,"Temperatibacteraceae",FALSE,FALSE
"Tepidamorphaceae",19,28,0.01,0,13,8,6,0,0.01,46.15,2.375,0.421,1,1,-1,1,"matched","Bacteria",NA,15,"Tepidamorphaceae",FALSE,FALSE
"Tepidanaerobacteraceae",32,108,0.01,0.01,39,11,7,0,0.01,17.95,2.909,0.344,1,1,-1,1,"matched","Bacteria",NA,15,"Tepidanaerobacteraceae",FALSE,FALSE
"Tepidimicrobiaceae",70,157,0.03,0.01,10,6,8,0,0.01,80,11.667,0.086,1,1,-1,1,"matched","Bacteria",NA,10,"Tepidimicrobiaceae",FALSE,FALSE
"Tepidisphaeraceae",52,158,0.02,0.01,83,5,1,0,0.01,1.2,10.4,0.096,1,1,-1,1,"matched","Bacteria",NA,20,"Tepidisphaeraceae",FALSE,FALSE
"Terasakiellaceae",85,279,0.03,0.02,19,6,4,0,0.01,21.05,14.167,0.071,1,1,-1,1,"matched","Bacteria",NA,15,"Terasakiellaceae",FALSE,FALSE
"Terrimicrobiaceae",99,933,0.04,0.08,85,3,1,0,0,1.18,33,0.03,1,1,-1,1,"matched","Bacteria",NA,20,"Terrimicrobiaceae",FALSE,FALSE
"Thalassobaculaceae",25,108,0.01,0.01,70,14,8,0,0.02,11.43,1.786,0.56,1,1,-1,1,"matched","Bacteria",NA,15,"Thalassobaculaceae",FALSE,FALSE
"Thalassospiraceae",147,650,0.06,0.05,191,57,77,0.01,0.07,40.31,2.579,0.388,1,1,-1,1,"matched","Bacteria",NA,15,"Thalassospiraceae",FALSE,FALSE
"Thermaceae",146,1140,0.06,0.1,315,60,156,0.01,0.08,49.52,2.433,0.411,1,1,-1,1,"matched","Bacteria",NA,15,"Thermaceae",FALSE,FALSE
"Thermincolaceae",48,97,0.02,0.01,10,3,2,0,0,20,16,0.062,1,1,-1,1,"matched","Bacteria",NA,15,"Thermincolaceae",FALSE,FALSE
"Thermithiobacillaceae",1,2,0,0,3,2,3,0,0,100,0.5,2,1,1,-1,1,"matched","Bacteria",NA,10,"Thermithiobacillaceae",FALSE,FALSE
"Thermoactinomycetaceae",118,303,0.04,0.03,104,64,82,0,0.08,78.85,1.844,0.542,1,1,-1,1,"matched","Bacteria",NA,10,"Thermoactinomycetaceae",FALSE,FALSE
"Thermoanaerobacteraceae",196,615,0.07,0.05,134,58,75,0.01,0.07,55.97,3.379,0.296,1,1,-1,1,"matched","Bacteria",NA,10,"Thermoanaerobacteraceae",FALSE,FALSE
"Thermodesulfatatoraceae",6,11,0,0,33,5,3,0,0.01,9.09,1.2,0.833,1,1,-1,1,"matched","Bacteria",NA,20,"Thermodesulfatatoraceae",FALSE,FALSE
"Thermodesulfobacteriaceae",80,441,0.03,0.04,84,21,13,0,0.03,15.48,3.81,0.262,1,1,-1,1,"matched","Bacteria",NA,15,"Thermodesulfobacteriaceae",FALSE,FALSE
"Thermodesulfobiaceae",3,21,0,0,11,4,3,0,0.01,27.27,0.75,1.333,1,1,-1,1,"matched","Bacteria",NA,15,"Thermodesulfobiaceae",FALSE,FALSE
"Thermodesulforhabdaceae",12,48,0,0,3,2,1,0,0,33.33,6,0.167,1,1,-1,1,"matched","Bacteria",NA,15,"Thermodesulforhabdaceae",FALSE,FALSE
"Thermodesulfovibrionaceae",49,250,0.02,0.02,75,14,11,0,0.02,14.67,3.5,0.286,1,1,-1,1,"matched","Bacteria",NA,15,"Thermodesulfovibrionaceae",FALSE,FALSE
"Thermoflexaceae",74,371,0.03,0.03,92,7,1,0,0.01,1.09,10.571,0.095,1,1,-1,1,"matched","Bacteria",NA,20,"Thermoflexaceae",FALSE,FALSE
"Thermoflexibacteraceae",13,64,0,0.01,4,4,2,0,0.01,50,3.25,0.308,1,1,-1,1,"matched","Bacteria",NA,10,"Thermoflexibacteraceae",FALSE,FALSE
"Thermogemmatisporaceae",4,8,0,0,9,5,4,0,0.01,44.44,0.8,1.25,1,1,-1,1,"matched","Bacteria",NA,15,"Thermogemmatisporaceae",FALSE,FALSE
"Thermoguttaceae",23,142,0.01,0.01,177,5,1,0.01,0.01,0.56,4.6,0.217,1,1,-1,1,"matched","Bacteria",NA,20,"Thermoguttaceae",FALSE,FALSE
"Thermohalobacteraceae",43,89,0.02,0.01,18,12,12,0,0.02,66.67,3.583,0.279,1,1,-1,1,"matched","Bacteria",NA,10,"Thermohalobacteraceae",FALSE,FALSE
"Thermoleophilaceae",4,20,0,0,283,4,2,0.01,0.01,0.71,1,1,1,1,-1,1,"matched","Bacteria",NA,20,"Thermoleophilaceae",FALSE,FALSE
"Thermomicrobiaceae",11,130,0,0.01,42,8,4,0,0.01,9.52,1.375,0.727,1,1,-1,1,"matched","Bacteria",NA,20,"Thermomicrobiaceae",FALSE,FALSE
"Thermomonosporaceae",137,579,0.05,0.05,244,174,224,0.01,0.22,91.8,0.787,1.27,1,1,-1,1,"matched","Bacteria",NA,10,"Thermomonosporaceae",FALSE,FALSE
"Thermonemataceae",2,9,0,0,5,4,2,0,0.01,40,0.5,2,1,1,-1,1,"matched","Bacteria",NA,15,"Thermonemataceae",FALSE,FALSE
"Thermosediminibacteraceae",12,33,0,0,7,7,6,0,0.01,85.71,1.714,0.583,1,1,-1,1,"matched","Bacteria",NA,10,"Thermosediminibacteraceae",FALSE,FALSE
"Thermosporotrichaceae",13,45,0,0,2,1,2,0,0,100,13,0.077,1,1,-1,1,"matched","Bacteria",NA,10,"Thermosporotrichaceae",FALSE,FALSE
"Thermotogaceae",27,281,0.01,0.02,149,34,34,0.01,0.04,22.82,0.794,1.259,1,1,-1,1,"matched","Bacteria",NA,15,"Thermotogaceae",FALSE,FALSE
"Thermotomaculaceae",20,72,0.01,0.01,1,1,1,0,0,100,20,0.05,1,1,-1,1,"matched","Bacteria",NA,10,"Thermotomaculaceae",FALSE,FALSE
"Thermovirgaceae",89,366,0.03,0.03,27,4,1,0,0.01,3.7,22.25,0.045,1,1,-1,1,"matched","Bacteria",NA,20,"Thermovirgaceae",FALSE,FALSE
"Thioalkalibacteraceae",7,25,0,0,32,12,13,0,0.02,40.62,0.583,1.714,1,1,-1,1,"matched","Bacteria",NA,15,"Thioalkalibacteraceae",FALSE,FALSE
"Thiobacillaceae",140,675,0.05,0.06,262,32,8,0.01,0.04,3.05,4.375,0.229,1,1,-1,1,"matched","Bacteria",NA,20,"Thiobacillaceae",FALSE,FALSE
"Thiotrichaceae",461,1730,0.18,0.14,328,73,53,0.01,0.09,16.16,6.315,0.158,1,1,-1,1,"matched","Bacteria",NA,15,"Thiotrichaceae",FALSE,FALSE
"Thiovulaceae",589,2004,0.22,0.17,639,104,39,0.03,0.13,6.1,5.663,0.177,0,1,0,1,"matched","Bacteria",NA,20,"Thiovulaceae",FALSE,FALSE
"Thorselliaceae",4,8,0,0,2,2,2,0,0,100,2,0.5,1,1,-1,1,"matched","Bacteria",NA,10,"Thorselliaceae",FALSE,FALSE
"Tissierellaceae",119,342,0.05,0.03,128,31,29,0.01,0.04,22.66,3.839,0.261,1,1,-1,1,"matched","Bacteria",NA,15,"Tissierellaceae",FALSE,FALSE
"Tolypothrichaceae",11,83,0,0.01,23,17,17,0,0.02,73.91,0.647,1.545,1,1,-1,1,"matched","Bacteria",NA,10,"Tolypothrichaceae",FALSE,FALSE
"Treponemataceae",980,2616,0.37,0.22,3035,197,744,0.13,0.25,24.51,4.975,0.201,1,1,0,2,"matched","Bacteria",NA,15,"Treponemataceae",FALSE,FALSE
"Tropherymataceae",1,4,0,0,21,1,19,0,0,90.48,1,1,1,1,-1,1,"matched","Bacteria",NA,10,"Tropherymataceae",FALSE,FALSE
"Trueperaceae",189,620,0.07,0.05,147,6,2,0.01,0.01,1.36,31.5,0.032,1,1,-1,1,"matched","Bacteria",NA,20,"Trueperaceae",FALSE,FALSE
"Tsukamurellaceae",9,59,0,0,52,22,50,0,0.03,96.15,0.409,2.444,1,1,-1,1,"matched","Bacteria",NA,10,"Tsukamurellaceae",FALSE,FALSE
"Turicibacteraceae",98,372,0.04,0.03,638,17,289,0.03,0.02,45.3,5.765,0.173,1,1,-1,1,"matched","Bacteria",NA,15,"Turicibacteraceae",FALSE,FALSE
"Vallitaleaceae",13,25,0,0,30,10,9,0,0.01,30,1.3,0.769,1,1,-1,1,"matched","Bacteria",NA,15,"Vallitaleaceae",FALSE,FALSE
"Veillonellaceae",543,2922,0.21,0.24,2513,171,290,0.11,0.22,11.54,3.175,0.315,1,1,-1,1,"matched","Bacteria",NA,15,"Veillonellaceae",FALSE,FALSE
"Ventosimonadaceae",7,16,0,0,8,2,1,0,0,12.5,3.5,0.286,1,1,-1,1,"matched","Bacteria",NA,15,"Ventosimonadaceae",FALSE,FALSE
"Verrucomicrobiaceae",623,4565,0.24,0.38,526,72,56,0.02,0.09,10.65,8.653,0.116,1,1,-1,1,"matched","Bacteria",NA,15,"Verrucomicrobiaceae",FALSE,FALSE
"Vibrionaceae",893,5299,0.34,0.44,35179,1052,35061,1.48,1.34,99.66,0.849,1.178,1,1,-1,1,"matched","Bacteria",NA,10,"Vibrionaceae",FALSE,FALSE
"Vicingaceae",69,359,0.03,0.03,51,4,9,0,0.01,17.65,17.25,0.058,1,1,-1,1,"matched","Bacteria",NA,15,"Vicingaceae",FALSE,FALSE
"Vulgatibacteraceae",30,85,0.01,0.01,7,3,1,0,0,14.29,10,0.1,1,1,-1,1,"matched","Bacteria",NA,15,"Vulgatibacteraceae",FALSE,FALSE
"Weeksellaceae",526,2881,0.2,0.24,2998,503,2215,0.13,0.64,73.88,1.046,0.956,1,1,-1,1,"matched","Bacteria",NA,10,"Weeksellaceae",FALSE,FALSE
"Wenzhouxiangellaceae",16,61,0.01,0.01,142,17,14,0.01,0.02,9.86,0.941,1.062,1,1,-1,1,"matched","Bacteria",NA,20,"Wenzhouxiangellaceae",FALSE,FALSE
"Williamwhitmaniaceae",149,591,0.06,0.05,4,2,1,0,0,25,74.5,0.013,1,1,-1,1,"matched","Bacteria",NA,15,"Williamwhitmaniaceae",FALSE,FALSE
"Woeseiaceae",289,1668,0.11,0.14,530,8,9,0.02,0.01,1.7,36.125,0.028,1,1,-1,1,"matched","Bacteria",NA,20,"Woeseiaceae",FALSE,FALSE
"Xanthobacteraceae",435,3679,0.17,0.31,744,130,170,0.03,0.17,22.85,3.346,0.299,1,1,-1,1,"matched","Bacteria",NA,15,"Xanthobacteraceae",FALSE,FALSE
"Xanthomonadaceae",935,6338,0.36,0.53,9860,829,8463,0.41,1.06,85.83,1.128,0.887,0,1,0,1,"matched","Bacteria",NA,10,"Xanthomonadaceae",FALSE,FALSE
"Xenococcaceae",25,74,0.01,0.01,11,10,1,0,0.01,9.09,2.5,0.4,1,1,-1,1,"matched","Bacteria",NA,20,"Xenococcaceae",FALSE,FALSE
"Yersiniaceae",333,2663,0.13,0.22,12506,284,12354,0.52,0.36,98.78,1.173,0.853,1,1,-1,1,"matched","Bacteria",NA,10,"Yersiniaceae",FALSE,FALSE
"Zavarziniaceae",5,22,0,0,9,4,4,0,0.01,44.44,1.25,0.8,1,1,-1,1,"matched","Bacteria",NA,15,"Zavarziniaceae",FALSE,FALSE
"Zoogloeaceae",248,950,0.09,0.08,404,85,96,0.02,0.11,23.76,2.918,0.343,1,1,-1,1,"matched","Bacteria",NA,15,"Zoogloeaceae",FALSE,FALSE
"Zooshikellaceae",1,5,0,0,9,5,9,0,0.01,100,0.2,5,1,1,-1,1,"matched","Bacteria",NA,10,"Zooshikellaceae",FALSE,FALSE
"Zymomonadaceae",6,58,0,0,59,2,30,0,0,50.85,3,0.333,1,1,-1,1,"matched","Bacteria",NA,10,"Zymomonadaceae",FALSE,FALSE
