unclassified_name,count,sequence_count,division,family,genus,lineage_signature,example_centroids
"# Unclassified genus entries: 50,844 of 70,899 total",,,,,,,
Dinophyceae.U.genus,1090,4487,Alveolata,Dinophyceae.U.family,Dinophyceae.U.genus,Alveolata|Dinophyceae.U.family|Dinophyceae.U.genus,IMG_3300044614.a_Ga0453753_0007084; IMG_3300012952.a_Ga0163180_10006073; IMG_3300035664.a_Ga0335067_0008086
Ciliophora.U.genus,803,4342,Alveolata,Ciliophora.U.family,Ciliophora.U.genus,Alveolata|Ciliophora.U.family|Ciliophora.U.genus,IMG_3300020084.a_Ga0194110_10011494; IMG_3300017440.a_Ga0182214_1000229; REF_SPR_HG939532.1.2513_Eukaryota_SAR_Alveolata_Ciliophora_Postciliodesmatophora_Heterotrichea_Spirostomum_Spirostomum_teres
Dino-Group-II.U.genus,657,2568,Alveolata,Dino-Group-II.U.family,Dino-Group-II.U.genus,Alveolata|Dino-Group-II.U.family|Dino-Group-II.U.genus,IMG_3300046532.a_Ga0491191_0020189; IMG_3300032011.a_Ga0315316_10011281; REF_SPR_FN598428.1.1824_Eukaryota_SAR_Alveolata_Protalveolata_Syndiniales_Syndiniales_Group_II_uncultured_marine_Syndiniales
Alveolata.U.genus,393,8253,Alveolata,Alveolata.U.family,Alveolata.U.genus,Alveolata|Alveolata.U.family|Alveolata.U.genus,IMG_3300008117.a_Ga0114351_1026149; IMG_3300032006.a_Ga0310344_10012182; IMG_3300034010.a_Ga0365732_0667847
Oligohymenophorea.U.genus,339,1781,Alveolata,Oligohymenophorea.U.family,Oligohymenophorea.U.genus,Alveolata|Oligohymenophorea.U.family|Oligohymenophorea.U.genus,IMG_3300032212.a_Ga0316207_10005232; REF_SPR_HQ219368.1.2292_Eukaryota_SAR_Alveolata_Ciliophora_Intramacronucleata_Conthreep_Oligohymenophorea_CV1-2A-17_uncultured_ciliate; REF_SPR_KU665355.1.2269_Eukaryota_SAR_Alveolata_Ciliophora_Intramacronucleata_Conthreep_Oligohymenophorea_Scuticociliatia_Pleuronema_Peniculistoma_mytili
Dino-Group-I.U.genus,197,907,Alveolata,Dino-Group-I.U.family,Dino-Group-I.U.genus,Alveolata|Dino-Group-I.U.family|Dino-Group-I.U.genus,REF_SPR_KJ763482.1.1806_Eukaryota_SAR_Alveolata_Dinoflagellata_Dinophyceae_Peridiniphycidae_Peridiniales_Heterocapsa_uncultured_eukaryote; REF_SPR_KJ757616.1.1803_Eukaryota_SAR_Alveolata_Protalveolata_Syndiniales_Syndiniales_Group_I_uncultured_eukaryote; REF_SPR_KJ762093.1.1803_Eukaryota_SAR_Alveolata_Protalveolata_Syndiniales_Syndiniales_Group_I_uncultured_eukaryote
Phyllopharyngea.U.genus,186,686,Alveolata,Phyllopharyngea.U.family,Phyllopharyngea.U.genus,Alveolata|Phyllopharyngea.U.family|Phyllopharyngea.U.genus,REF_SPR_KU588417.1.2209_Eukaryota_SAR_Alveolata_Ciliophora_Intramacronucleata_Conthreep_Phyllopharyngea_Cyrtophoria_Chilodochona_Chilodochona_carcini; IMG_3300043404.a_Ga0451695_0001403; IMG_3300043452.a_Ga0451750_0004117
Coccidiomorphea.U.genus,61,404,Alveolata,Coccidiomorphea.U.family,Coccidiomorphea.U.genus,Alveolata|Coccidiomorphea.U.family|Coccidiomorphea.U.genus,REF_SPR_KF696363.1.2021_Eukaryota_SAR_Alveolata_Apicomplexa_Aconoidasida_Haemosporoidia_Plasmodium_Plasmodium_ovale_wallikeri; REF_SPR_AF297085.1.1996_Eukaryota_SAR_Alveolata_Apicomplexa_Conoidasida_Coccidia_Adeleorina_Hepatozoon_Hepatozoon_sp._Boiga; REF_SPR_DQ096835.1.1924_Eukaryota_SAR_Alveolata_Apicomplexa_Conoidasida_Coccidia_Adeleorina_Adelina_Adelina_dimidiata
Peritrichia_2.U.genus,53,322,Alveolata,Peritrichia_2.U.family,Peritrichia_2.U.genus,Alveolata|Peritrichia_2.U.family|Peritrichia_2.U.genus,IMG_3300022231.a_Ga0236276_1136585; REF_SPR_GDIP01247411.6619.8547_Eukaryota_Cryptophyceae_Cryptomonadales_Cryptomonas_Daphnia_magna; REF_SPR_AB902285.1.1760_Eukaryota_SAR_Alveolata_Ciliophora_Intramacronucleata_Conthreep_Oligohymenophorea_Peritrichia_uncultured_eukaryote
Plasmodiidae.U.genus,45,167,Alveolata,Plasmodiidae,Plasmodiidae.U.genus,Alveolata|Plasmodiidae|Plasmodiidae.U.genus,REF_SPR_LT594509.104975.107533_Eukaryota_SAR_Alveolata_Apicomplexa_Aconoidasida_Haemosporoidia_Plasmodium_Plasmodium_ovale__malaria_parasite_P._ovale_; REF_SPR_JPSE01002297.82.2364_Eukaryota_SAR_Alveolata_Apicomplexa_Aconoidasida_Haemosporoidia_Plasmodium_Plasmodium_falciparum_365.1; REF_SPR_JPSE01006221.63.2271_Eukaryota_SAR_Alveolata_Apicomplexa_Aconoidasida_Haemosporoidia_Plasmodium_Plasmodium_falciparum_365.1
Suctoria.U.genus,36,87,Alveolata,Suctoria.U.family,Suctoria.U.genus,Alveolata|Suctoria.U.family|Suctoria.U.genus,IMG_3300027771.a_Ga0209279_10008317; IMG_3300040801.a_Ga0450804_3498820; IMG_3300006164.a_Ga0075441_10037612
Sessilida.U.genus,35,109,Alveolata,Sessilida,Sessilida.U.genus,Alveolata|Sessilida|Sessilida.U.genus,IMG_3300036763.a_Ga0376079_0005437; REF_SPR_AB902108.1.1738_Eukaryota_SAR_Alveolata_Ciliophora_Intramacronucleata_Conthreep_Oligohymenophorea_Peritrichia_Telotrochidium_uncultured_eukaryote; REF_SPR_AB902071.1.1733_Eukaryota_SAR_Alveolata_Ciliophora_Intramacronucleata_Conthreep_Oligohymenophorea_Peritrichia_Zoothamnium_uncultured_eukaryote
Actinocephalidae.U.genus,34,87,Alveolata,Actinocephalidae,Actinocephalidae.U.genus,Alveolata|Actinocephalidae|Actinocephalidae.U.genus,REF_SPR_KT717659.1.2361_Eukaryota_SAR_Alveolata_Apicomplexa_Conoidasida_Gregarinasina_Eugregarinorida_Nematopsis_Nematopsis_temporariae; REF_SPR_KT717642.1.2358_Eukaryota_SAR_Alveolata_Apicomplexa_Conoidasida_Gregarinasina_Eugregarinorida_Nematopsis_Nematopsis_temporariae; REF_SPR_AF129883.1.1811_Eukaryota_SAR_Alveolata_Apicomplexa_Conoidasida_Gregarinasina_Neogregarinorida_Ophryocystis_Ophryocystis_elektroscirrha
Perkinsida_X.U.genus,29,74,Alveolata,Perkinsida_X.U.family,Perkinsida_X.U.genus,Alveolata|Perkinsida_X.U.family|Perkinsida_X.U.genus,REF_SPR_GDKH01029260.1.1786_Eukaryota_SAR_Alveolata_Protalveolata_Colpodellida_Voromonas_Voromonas_pontica; REF_SPR_GQ149767.1.1769_Eukaryota_SAR_Alveolata_Apicomplexa_Conoidasida_Coccidia_Eimeriorina_Rhytidocystis_Rhytidocystis_cyamus; REF_SPR_DQ244034.1.1712_Eukaryota_SAR_Alveolata_Protalveolata_Perkinsidae_A31_uncultured_alveolate
Gregarinidae.U.genus,27,187,Alveolata,Gregarinidae,Gregarinidae.U.genus,Alveolata|Gregarinidae|Gregarinidae.U.genus,IMG_3300001411.a_JGI20182J14882_100048; IMG_3300028452.a_Ga0307247_10005452; IMG_3300012674.a_Ga0153962_1001837
Dinoflagellata.U.genus,22,28,Alveolata,Dinoflagellata.U.family,Dinoflagellata.U.genus,Alveolata|Dinoflagellata.U.family|Dinoflagellata.U.genus,REF_SPR_FN598439.1.1838_Eukaryota_SAR_Alveolata_Protalveolata_Syndiniales_Syndinium_uncultured_marine_Syndiniales; REF_SPR_HM581715.1.1787_Eukaryota_uncultured_marine_eukaryote; REF_SPR_HM581714.1.1783_Eukaryota_SAR_Alveolata_Ciliophora_Intramacronucleata_Spirotrichea_Oligotrichia_Spirotontonia_uncultured_marine_eukaryote
Babesiidae.U.genus,20,90,Alveolata,Babesiidae,Babesiidae.U.genus,Alveolata|Babesiidae|Babesiidae.U.genus,REF_SPR_DQ329138.1.1734_Eukaryota_SAR_Alveolata_Apicomplexa_Aconoidasida_Piroplasmorida_Babesia_Babesia_sp._FP44; REF_SPR_DQ159075.1.1682_Eukaryota_SAR_Alveolata_Apicomplexa_Aconoidasida_Piroplasmorida_Babesia_Babesia_sp._Liaoning-2005; REF_SPR_AF158711.1.1671_U_18S_rRNA_nucleus__Eukaryota_Alveolata_Apicomplexa_Coccidiomorphea_Piroplasmorida_Babesiidae_Babesia10_Babesia10_sp.
Gregarinomorphea.U.genus,15,80,Alveolata,Gregarinomorphea.U.family,Gregarinomorphea.U.genus,Alveolata|Gregarinomorphea.U.family|Gregarinomorphea.U.genus,IMG_3300024344.a_Ga0209992_10011174; REF_SPR_FJ832159.1.1751_Eukaryota_SAR_Alveolata_Apicomplexa_Conoidasida_Gregarinasina_Eugregarinorida_Urospora_Gregarinidae_sp._from_Paranemertes_peregrina_SR-2009a; IMG_3300032263.a_Ga0316195_10028743
Eimeriida.U.genus,6,20,Alveolata,Eimeriida.U.family,Eimeriida.U.genus,Alveolata|Eimeriida.U.family|Eimeriida.U.genus,REF_SPR_FJ904646.1.1866_Eukaryota_SAR_Alveolata_Apicomplexa_Conoidasida_Coccidia_Eimeriorina_Calyptosporidae_Calyptospora_funduli; REF_SPR_GU479670.1.1826_Eukaryota_SAR_Alveolata_Apicomplexa_Conoidasida_Coccidia_Eimeriorina_Calyptosporidae_Calyptospora_funduli; REF_SPR_KT025255.1.1757_Eukaryota_SAR_Alveolata_Apicomplexa_Conoidasida_Coccidia_Eimeriorina_Goussia_clupearum
Cryptosporidiidae.U.genus,6,8,Alveolata,Cryptosporidiidae,Cryptosporidiidae.U.genus,Alveolata|Cryptosporidiidae|Cryptosporidiidae.U.genus,REF_SPR_AJ697751.1.1753_Eukaryota_SAR_Alveolata_Apicomplexa_Conoidasida_Cryptosporida_Cryptosporidium_Cryptosporidium_struthionis; REF_SPR_AF372786.1.1518_Eukaryota_SAR_Alveolata_Apicomplexa_Conoidasida_Cryptosporida_Cryptosporidium_uncultured_alveolate; REF_BRK_c-7813_conseq_Otu0523_42_soil_PuertoRico_Eukaryota_TSAR_Alveolata_Alveolata_X_Colpodellidea_Colpodellida_Colpodellaceae_Colpodellidae2_Colpodellidae2_sp_Species
Neogregarinorida.U.genus,5,9,Alveolata,Neogregarinorida.U.family,Neogregarinorida.U.genus,Alveolata|Neogregarinorida.U.family|Neogregarinorida.U.genus,IMG_3300042989.a_Ga0451690_0004523; REF_SPR_FJ865355.1.1752_U_18S_rRNA_nucleus__Eukaryota_Alveolata_Apicomplexa_Gregarinomorphea_Neogregarinorida_Actinocephalidae_Psychodiella_Psychodiella_sp.; REF_BRK_c-1328_conseq_Otu0442_20_freshwater_Skogaryd-fw_Eukaryota_TSAR_Alveolata_Division
Amoebozoa.U.genus,4214,15143,Amoebozoa.U.division,Amoebozoa.U.family,Amoebozoa.U.genus,Amoebozoa.U.division|Amoebozoa.U.family|Amoebozoa.U.genus,IMG_3300028585.a_Ga0265797_10025277; IMG_3300047172.a_Ga0495340_0014787_1; IMG_3300003403.a_JGI26532J50257_10002121
Archaeplastida.U.genus,342,1480,Archaeplastida.U.division,Archaeplastida.U.family,Archaeplastida.U.genus,Archaeplastida.U.division|Archaeplastida.U.family|Archaeplastida.U.genus,IMG_3300034009.a_Ga0334944_000574; REF_SPR_HF913647.1.2753_Eukaryota_Archaeplastida_Chloroplastida_Charophyta_Phragmoplastophyta_Streptophyta_Charophyceae_Charales_Chara_Chara_aspera; IMG_3300031813.a_Ga0316217_10006324
Centroplasthelida_X.U.genus,151,475,Centroplasthelida,Centroplasthelida_X.U.family,Centroplasthelida_X.U.genus,Centroplasthelida|Centroplasthelida_X.U.family|Centroplasthelida_X.U.genus,IMG_3300008263.a_Ga0114349_1002451; IMG_3300008264.a_Ga0114353_1010146; IMG_3300031036.a_Ga0073978_1019917
Chlorophyta_X.U.genus,499,2267,Chlorophyta,Chlorophyta_X.U.family,Chlorophyta_X.U.genus,Chlorophyta|Chlorophyta_X.U.family|Chlorophyta_X.U.genus,IMG_3300008265.a_Ga0114361_1010994; IMG_3300021577.a_Ga0226818_1000932; IMG_3300042875.a_Ga0453091_003930
Chlorellales_X.U.genus,255,2704,Chlorophyta,Chlorellales_X,Chlorellales_X.U.genus,Chlorophyta|Chlorellales_X|Chlorellales_X.U.genus,IMG_3300038696.a_Ga0400669_003343; IMG_3300042289.a_Ga0453148_0012922; REF_SPR_JQ315799.1.3183_Eukaryota_Archaeplastida_Chloroplastida_Chlorophyta_Trebouxiophyceae_Chlorellales_Oocystis_Oocystis_sp._KMMCC_251
Chlamydomonadales_X.U.genus,191,1360,Chlorophyta,Chlamydomonadales_X,Chlamydomonadales_X.U.genus,Chlorophyta|Chlamydomonadales_X|Chlamydomonadales_X.U.genus,REF_SPR_JX911252.1.2655_Eukaryota_Archaeplastida_Chloroplastida_Chlorophyta_Chlorophyceae_Chlamydomonadales_Chlamydomonas_Chlamydomonas_sp._KIOST-1; REF_SPR_MH703736.1.2595_Eukaryota_Archaeplastida_Chloroplastida_Chlorophyta_Chlorophyceae_Chlamydomonadales_Chlamydomonas_Chloromonas_sp._Ru-6-8; REF_SPR_MH703738.1.2571_Eukaryota_Archaeplastida_Chloroplastida_Chlorophyta_Chlorophyceae_Chlamydomonadales_Actinochloris_Actinochloris_sphaerica
Sphaeropleales.U.genus,56,214,Chlorophyta,Sphaeropleales.U.family,Sphaeropleales.U.genus,Chlorophyta|Sphaeropleales.U.family|Sphaeropleales.U.genus,REF_SPR_Y17817.1.4661_G_18S_rRNA_nucleus_strain_SAG_49.87_Eukaryota_Archaeplastida_Chlorophyta_Chlorophyceae_Sphaeropleales_Selenastraceae_Monoraphidium_Monoraphidium_terrestre; REF_SPR_HM483519.1.3292_G_18S_rRNA_nucleus_strain_SAG_202-6_Eukaryota_Archaeplastida_Chlorophyta_Chlorophyceae_Sphaeropleales_Sphaeropleales_X_Ankistrodesmus_Ankistrodesmus_nannoselene; REF_SPR_AY846380.1.2583_G_18S_rRNA_nucleus_strain_AS3-5_Eukaryota_Archaeplastida_Chlorophyta_Chlorophyceae_Sphaeropleales_Selenastraceae_Monoraphidium_Monoraphidium_minutum
Chlorophyceae.U.genus,10,62,Chlorophyta,Chlorophyceae.U.family,Chlorophyceae.U.genus,Chlorophyta|Chlorophyceae.U.family|Chlorophyceae.U.genus,IMG_3300017635.a_Ga0187999_100462; REF_SPR_KC486765.1.1580_Eukaryota_Archaeplastida_Chloroplastida_Chlorophyta_Trebouxiophyceae_uncultured_Dunaliella; IMG_3300021193.a_Ga0219039_1078340
Euglenida.U.genus,1526,5350,Discoba,Euglenida.U.family,Euglenida.U.genus,Discoba|Euglenida.U.family|Euglenida.U.genus,IMG_3300025701.a_Ga0209771_1003594; REF_SPR_AF386644.1.4503_U_18S_rRNA_nucleus_strain_SAG_222.80_Eukaryota_Excavata_Discoba_Euglenida_Aphagea_Distigmidae_Distigma_Distigma_sennii; IMG_3300031521.a_Ga0311364_10030619
Heterolobosea.U.genus,896,4751,Discoba,Heterolobosea.U.family,Heterolobosea.U.genus,Discoba|Heterolobosea.U.family|Heterolobosea.U.genus,IMG_3300028415.a_Ga0306867_1002025; IMG_3300025572.a_Ga0207864_1006230; IMG_3300032431.a_Ga0335395_10008884
Kinetoplastea.U.genus,451,1621,Discoba,Kinetoplastea.U.family,Kinetoplastea.U.genus,Discoba|Kinetoplastea.U.family|Kinetoplastea.U.genus,REF_SPR_MF969038.1.2427_Eukaryota_Discoba_Discicristata_Euglenozoa_Kinetoplastea_Metakinetoplastina_Trypanosomatida_Leptomonas_Trypanosomatidae_sp._PNG107f; REF_SPR_JQ658823.1.2403_Eukaryota_Discoba_Discicristata_Euglenozoa_Kinetoplastea_Metakinetoplastina_Trypanosomatida_Leptomonas_Trypanosomatidae_sp._G33; REF_SPR_JQ658821.1.2402_U_18S_rRNA_nucleus_clone_G31_Eukaryota_Excavata_Discoba_Kinetoplastea_Trypanosomatida_Trypanosomatidae_Trypanosomatidae_TRY1_Trypanosomatidae_TRY1_sp.
Petalomonadida.U.genus,422,1103,Discoba,Petalomonadida.U.family,Petalomonadida.U.genus,Discoba|Petalomonadida.U.family|Petalomonadida.U.genus,IMG_3300042203.a_Ga0451581_002949; IMG_3300049218.a_Ga0495317_0075001; IMG_3300007323.a_Ga0099768_1018614
Neobodonida.U.genus,221,929,Discoba,Neobodonida.U.family,Neobodonida.U.genus,Discoba|Neobodonida.U.family|Neobodonida.U.genus,REF_SPR_DQ465511.1.3212_U_18S_rRNA_nucleus_strain_HFCC333_Eukaryota_Excavata_Discoba_Kinetoplastea_Neobodonida_Rhynchomonadidae_Rhynchomonas_Rhynchomonas_sp.; REF_SPR_AY827855.1.2627_Eukaryota_Discoba_Discicristata_Euglenozoa_Kinetoplastea_Metakinetoplastina_Neobodonida_Rhynchomonas_Rhynchomonas_nasuta; IMG_3300045996.a_Ga0456371_00314495
Tetramitia_I.U.genus,200,796,Discoba,Tetramitia_I.U.family,Tetramitia_I.U.genus,Discoba|Tetramitia_I.U.family|Tetramitia_I.U.genus,IMG_3300009676.a_Ga0116187_1008507; IMG_3300002168.a_JGI24712J26585_10005157; IMG_3300005961.a_Ga0075157_10037838
Scytomonadidae.U.genus,148,357,Discoba,Scytomonadidae,Scytomonadidae.U.genus,Discoba|Scytomonadidae|Scytomonadidae.U.genus,IMG_3300007244.a_Ga0075167_10056882; IMG_3300030947.a_Ga0075390_10003426; IMG_3300038619.a_Ga0427940_0031979
Euglenozoa.U.genus,50,204,Discoba,Euglenozoa.U.family,Euglenozoa.U.genus,Discoba|Euglenozoa.U.family|Euglenozoa.U.genus,IMG_3300006236.a_Ga0082396_100060; IMG_3300006232.a_Ga0082392_116254; IMG_3300004627.a_Ga0066629_1019590
Kinetoplastea_XX.U.genus,25,45,Discoba,Kinetoplastea_XX,Kinetoplastea_XX.U.genus,Discoba|Kinetoplastea_XX|Kinetoplastea_XX.U.genus,IMG_3300043429.a_Ga0451752_0023898; IMG_3300043425.a_Ga0451744_0028721; IMG_3300045580.a_Ga0466388_0013856
Discosea_X.U.genus,28,93,Discosea,Discosea_X.U.family,Discosea_X.U.genus,Discosea|Discosea_X.U.family|Discosea_X.U.genus,REF_SPR_AF019064.1.2682_U_18S_rRNA_nucleus_strain_Ray_&_Hayes__ATCC_30137_Eukaryota_Amoebozoa_Lobosa_Lobosa_X_Centramoebida_Acanthamoebidae_Acanthamoeba_Acanthamoeba_astronyxis; REF_SPR_KC822466.1.2639_Eukaryota_Amorphea_Amoebozoa_Discosea_Longamoebia_Centramoebida_Acanthamoeba_Acanthamoeba_sp._CDC_V621; REF_SPR_DQ185605.1.2582_Eukaryota_Amorphea_Amoebozoa_Discosea_Longamoebia_Centramoebida_Acanthamoeba_Acanthamoeba_sp._PJ
Acanthopodida.U.genus,3,3,Discosea,Acanthopodida.U.family,Acanthopodida.U.genus,Discosea|Acanthopodida.U.family|Acanthopodida.U.genus,REF_SPR_FPLS01060146.1.1247_Eukaryota_Amorphea_Amoebozoa_Discosea_Longamoebia_Centramoebida_metagenome; IMG_3300012212.a_Ga0150985_109985960; IMG_3300006423.a_Ga0075039_1014944
Eukaryota.U.genus,9333,39360,Eukaryota.U.division,Eukaryota.U.family,Eukaryota.U.genus,Eukaryota.U.division|Eukaryota.U.family|Eukaryota.U.genus,IMG_3300027741.a_Ga0209085_1003614; IMG_3300042143.a_Ga0451492_002059; IMG_3300028047.a_Ga0209526_10006985
Flamellidae.U.genus,197,567,Evosea,Flamellidae.U.family,Flamellidae.U.genus,Evosea|Flamellidae.U.family|Flamellidae.U.genus,IMG_3300002966.a_JGI24721J44947_10018413; IMG_3300043445.a_Ga0451692_0005490; IMG_3300011120.a_Ga0150983_10430345
Schizoplasmodiidae.U.genus,78,222,Evosea,Schizoplasmodiidae,Schizoplasmodiidae.U.genus,Evosea|Schizoplasmodiidae|Schizoplasmodiidae.U.genus,REF_SPR_FJ544418.1.1920_Eukaryota_Amorphea_Amoebozoa_Schizoplasmodiida_Schizoplasmodium_Schizoplasmodium_cavostelioides; REF_SPR_FJ544420.1.1918_Eukaryota_Amorphea_Amoebozoa_Schizoplasmodiida_Nematostelium_Nematostelium_ovatum; IMG_3300039453.a_Ga0436362_0073447
Archamoebea.U.genus,58,216,Evosea,Archamoebea.U.family,Archamoebea.U.genus,Evosea|Archamoebea.U.family|Archamoebea.U.genus,REF_SPR_JX101953.1.2971_U_18S_rRNA_nucleus_clone_MALEN3_Eukaryota_Amoebozoa_Conosa_Archamoebea_Mastigamoebida_Endolimacidae_Endolimax_Endolimax_sp.; REF_SPR_JX157640.1.2943_U_18S_rRNA_nucleus__Eukaryota_Amoebozoa_Conosa_Archamoebea_Mastigamoebida_Mastigamoebidae_Mastigamoeba_Mastigamoeba_abducta; REF_SPR_JX157632.1.2919_U_18S_rRNA_nucleus__Eukaryota_Amoebozoa_Conosa_Archamoebea_Mastigamoebida_Mastigamoebidae_Mastigamoeba_Mastigamoeba_abducta
Pelobiontida.U.genus,2,3,Evosea,Pelobiontida.U.family,Pelobiontida.U.genus,Evosea|Pelobiontida.U.family|Pelobiontida.U.genus,IMG_3300009584.a_Ga0115597_1100830; IMG_3300038162.a_Ga0401957_004083
Mastigamoebida.U.genus,1,2,Evosea,Mastigamoebida.U.family,Mastigamoebida.U.genus,Evosea|Mastigamoebida.U.family|Mastigamoebida.U.genus,IMG_3300036353.a_Ga0393301_017169
Hexamitidae.U.genus,484,3018,Metamonada,Hexamitidae,Hexamitidae.U.genus,Metamonada|Hexamitidae|Hexamitidae.U.genus,IMG_3300037279.a_Ga0397552_0007522; IMG_3300020715.a_Ga0214254_1001637; REF_SPR_DQ520097.1.2051_U_18S_rRNA_nucleus_specimen_MAFF_305810_Eukaryota_Opisthokonta_Fungi_Basidiomycota_Agaricomycotina_Agaricomycetes_Tulasnella_Tulasnella_violea
Metazoa.U.genus,4480,25091,Opisthokonta,Metazoa.U.family,Metazoa.U.genus,Opisthokonta|Metazoa.U.family|Metazoa.U.genus,IMG_3300046500.a_Ga0495596_0001183; IMG_3300005985.a_Ga0081539_10004659; IMG_3300045963.a_Ga0485833_0001840
Insecta.U.genus,2513,16928,Opisthokonta,Insecta,Insecta.U.genus,Opisthokonta|Insecta|Insecta.U.genus,IMG_3300006045.a_Ga0082212_10006321; IMG_3300036817.a_Ga0376687_0003533; REF_SPR_EU164639.1.3718_U_18S_rRNA_nucleus__Eukaryota_Opisthokonta_Metazoa_Arthropoda_Hexapoda_Insecta_Corynomalus_Corynomalus_laevigatus
Nematoda.U.genus,1163,5960,Opisthokonta,Nematoda.U.family,Nematoda.U.genus,Opisthokonta|Nematoda.U.family|Nematoda.U.genus,IMG_3300030399.a_Ga0311353_10009522; IMG_3300041431.a_Ga0439243_0007564; IMG_3300035088.a_Ga0373940_0000162
Fungi.U.genus,1112,2638,Opisthokonta,Fungi.U.family,Fungi.U.genus,Opisthokonta|Fungi.U.family|Fungi.U.genus,IMG_3300043422.a_Ga0451741_0000762; IMG_3300037418.a_Ga0395900_0007985; IMG_3300022743.a_Ga0228699_1002103
Pezizomycotina.U.genus,987,5074,Opisthokonta,Pezizomycotina.U.family,Pezizomycotina.U.genus,Opisthokonta|Pezizomycotina.U.family|Pezizomycotina.U.genus,IMG_3300025241.a_Ga0207893_1000802; IMG_3300034137.a_Ga0334943_000835; IMG_3300031569.a_Ga0307489_10005156
Platyhelminthes.U.genus,851,2920,Opisthokonta,Platyhelminthes.U.family,Platyhelminthes.U.genus,Opisthokonta|Platyhelminthes.U.family|Platyhelminthes.U.genus,IMG_3300047169.a_Ga0495336_0006418; REF_SPR_EU541306.1.3736_Eukaryota_Amorphea_Obazoa_Opisthokonta_Holozoa_Choanozoa_Metazoa_Animalia_BCP_clade_Bilateria_Protostomia_Lophotrochozoa_Platyhelminthes_Monogenea_Monopisthocotylea_Ancyrocephalidae_Haliotrema_cromileptis; REF_SPR_JQ609340.1.2891_Eukaryota_Amorphea_Obazoa_Opisthokonta_Holozoa_Choanozoa_Metazoa_Animalia_BCP_clade_Bilateria_Protostomia_Lophotrochozoa_Platyhelminthes_Cestoda_Eucestoda_Cyclophyllidea_Hydatigera_taeniaeformis
Opisthokonta.U.genus,687,3638,Opisthokonta,Opisthokonta.U.family,Opisthokonta.U.genus,Opisthokonta|Opisthokonta.U.family|Opisthokonta.U.genus,IMG_3300024981.a_Ga0209934_1002558; IMG_3300028375.a_Ga0306865_1001041_1; REF_SPR_HQ191350.1.2633_Eukaryota_Amorphea_Obazoa_Opisthokonta_Holozoa_Choanozoa_Choanoflagellata_Filasterea_Ministeriida_Capsasporidae_AT4-11_uncultured_Chytridiomycota
Agaricomycetes.U.genus,665,4615,Opisthokonta,Agaricomycetes,Agaricomycetes.U.genus,Opisthokonta|Agaricomycetes|Agaricomycetes.U.genus,IMG_3300044819.a_Ga0480562_0001829; IMG_3300025949.a_Ga0207667_10011890; IMG_3300034130.a_Ga0370494_000462
Dothideomycetes.U.genus,539,2447,Opisthokonta,Dothideomycetes,Dothideomycetes.U.genus,Opisthokonta|Dothideomycetes|Dothideomycetes.U.genus,IMG_3300036786.a_Ga0376659_0007084; IMG_3300043384.a_Ga0454644_0000459; REF_SPR_LT558703.1.3546_Eukaryota_Amorphea_Obazoa_Opisthokonta_Nucletmycea_Fungi_Dikarya_Ascomycota_Pezizomycotina_Eurotiomycetes_Chaetothyriales_Trichomeriaceae_Bacillicladium_Bacillicladium_lobatum
Chytridiomycota.U.genus,530,1528,Opisthokonta,Chytridiomycota.U.family,Chytridiomycota.U.genus,Opisthokonta|Chytridiomycota.U.family|Chytridiomycota.U.genus,IMG_3300031628.a_Ga0308014_1002904; REF_SPR_EF432819.1.3579_Eukaryota_Amorphea_Obazoa_Opisthokonta_Nucletmycea_Fungi_Chytridiomycota_Incertae_Sedis_Chytridiomycetes_Lobulomycetales_Lobulomycetaceae_uncultured_Lobulomycetales_sp._AF011; IMG_3300031656.a_Ga0308005_10003084
Sordariomycetes.U.genus,469,2392,Opisthokonta,Sordariomycetes,Sordariomycetes.U.genus,Opisthokonta|Sordariomycetes|Sordariomycetes.U.genus,REF_SPR_LT604109.1.3894_Eukaryota_Amorphea_Obazoa_Opisthokonta_Nucletmycea_Fungi_Dikarya_Ascomycota_Pezizomycotina_Sordariomycetes_Incertae_Sedis_Incertae_Sedis_Xylomelasma_Xylomelasma_sp._EMSL_2471; REF_SPR_AB278174.1.3604_G_18S_rRNA_nucleus_strain_CBS_246.91_Eukaryota_Opisthokonta_Fungi_Ascomycota_Pezizomycotina_Sordariomycetes_Togninia_Togninia_minima; REF_SPR_JN941751.1.3446_U_18S_rRNA_nucleus_strain_NBRC_101408_Eukaryota_Opisthokonta_Fungi_Ascomycota_Pezizomycotina_Sordariomycetes_Cordyceps_Cordyceps_nipponica
Crustacea.U.genus,436,2433,Opisthokonta,Crustacea.U.family,Crustacea.U.genus,Opisthokonta|Crustacea.U.family|Crustacea.U.genus,IMG_3300005826.a_Ga0074477_1496964; REF_SPR_LT960405.1.1906_Eukaryota_Amorphea_Obazoa_Opisthokonta_Holozoa_Choanozoa_Metazoa_Animalia_BCP_clade_Bilateria_Protostomia_Ecdysozoa_Arthropoda_Crustacea_Maxillopoda_Copepoda_Siphonostomatoida_Macrostylis_sp._ML08; IMG_3300040793.a_Ga0450797_132125
Eurotiomycetes.U.genus,381,3580,Opisthokonta,Eurotiomycetes,Eurotiomycetes.U.genus,Opisthokonta|Eurotiomycetes|Eurotiomycetes.U.genus,IMG_3300039109.a_Ga0120178_004481; IMG_3300011432.a_Ga0137428_1001754_1; REF_SPR_EF413600.1.3847_U_18S_rRNA_nucleus__Eukaryota_Opisthokonta_Fungi_Ascomycota_Pezizomycotina_Eurotiomycetes_Polyblastia_Polyblastia_melaspora
Mollusca.U.genus,353,2354,Opisthokonta,Mollusca.U.family,Mollusca.U.genus,Opisthokonta|Mollusca.U.family|Mollusca.U.genus,REF_SPR_AF120520.1.2239_Eukaryota_Amorphea_Obazoa_Opisthokonta_Holozoa_Choanozoa_Metazoa_Animalia_BCP_clade_Bilateria_Protostomia_Lophotrochozoa_Mollusca_Gastropoda_Heterobranchia_Rissoella_caribaea; REF_SPR_FJ917203.1.2175_Eukaryota_Amorphea_Obazoa_Opisthokonta_Holozoa_Choanozoa_Metazoa_Animalia_BCP_clade_Bilateria_Protostomia_Lophotrochozoa_Mollusca_Gastropoda_Heterobranchia_Rissoella_elongatospira; REF_SPR_FJ917449.1.2172_Eukaryota_Amorphea_Obazoa_Opisthokonta_Holozoa_Choanozoa_Metazoa_Animalia_BCP_clade_Bilateria_Protostomia_Lophotrochozoa_Mollusca_Gastropoda_Heterobranchia_Pleurobranchaea_meckeli
Agaricomycotina.U.genus,328,2666,Opisthokonta,Agaricomycotina.U.family,Agaricomycotina.U.genus,Opisthokonta|Agaricomycotina.U.family|Agaricomycotina.U.genus,IMG_3300036819.a_Ga0376689_0010566; IMG_3300013786.a_Ga0180413_10333; REF_SPR_KY964761.1.3428_Eukaryota_Amorphea_Obazoa_Opisthokonta_Nucletmycea_Fungi_Dikarya_Basidiomycota_Pucciniomycotina_Pucciniomycetes_Pucciniales_Pucciniaceae_Gymnosporangium_Gymnosporangium_juniperi-virginianae
Craniata_X.U.genus,326,2470,Opisthokonta,Craniata_X.U.family,Craniata_X.U.genus,Opisthokonta|Craniata_X.U.family|Craniata_X.U.genus,IMG_3300014042.a_Ga0117790_1004490; REF_SPR_KT580984.1.2058_Eukaryota_Amorphea_Obazoa_Opisthokonta_Holozoa_Choanozoa_Metazoa_Animalia_BCP_clade_Bilateria_Deuterostomia_Chordata_Vertebrata_Gnathostomata_Euteleostomi_Actinopterygii_Neopterygii_Teleostei_Cynoglossus_lineolatus; REF_SPR_GFIX01047396.524.2500_Eukaryota_Amorphea_Obazoa_Opisthokonta_Holozoa_Choanozoa_Metazoa_Animalia_BCP_clade_Bilateria_Deuterostomia_Chordata_Vertebrata_Gnathostomata_Euteleostomi_Actinopterygii_Neopterygii_Teleostei_Gadus_morhua__Atlantic_cod_
Ascomycota.U.genus,288,3632,Opisthokonta,Ascomycota.U.family,Ascomycota.U.genus,Opisthokonta|Ascomycota.U.family|Ascomycota.U.genus,IMG_3300049324.a_Ga0497583_0001633; IMG_3300026310.a_Ga0209239_1004136; IMG_3300045013.a_Ga0467005_0004534
Chromadorea_X.U.genus,282,791,Opisthokonta,Chromadorea_X,Chromadorea_X.U.genus,Opisthokonta|Chromadorea_X|Chromadorea_X.U.genus,REF_SPR_LC147027.1.3725_Eukaryota_Amorphea_Obazoa_Opisthokonta_Holozoa_Choanozoa_Metazoa_Animalia_BCP_clade_Bilateria_Protostomia_Ecdysozoa_Nematozoa_Nematoda_Chromadorea_Tylenchida_Tylenchomorpha_sp._Spondylis_PT; REF_SPR_KY907662.1.3256_Eukaryota_Amorphea_Obazoa_Opisthokonta_Holozoa_Choanozoa_Metazoa_Animalia_BCP_clade_Bilateria_Protostomia_Ecdysozoa_Nematozoa_Nematoda_Chromadorea_Tylenchida_Neotylenchidae_gen._sp._1_QY-2017; REF_SPR_KJ934162.1.2557_Eukaryota_Amorphea_Obazoa_Opisthokonta_Holozoa_Choanozoa_Metazoa_Animalia_BCP_clade_Bilateria_Protostomia_Ecdysozoa_Nematozoa_Nematoda_Chromadorea_Tylenchida_Hemicriconemoides_chitwoodi
Saccharomycotina.U.genus,259,3098,Opisthokonta,Saccharomycotina.U.family,Saccharomycotina.U.genus,Opisthokonta|Saccharomycotina.U.family|Saccharomycotina.U.genus,REF_SPR_DQ519012.1.2670_R_18S_rRNA_nucleus_strain_NRRL_Y-11557__CBS_1807_Eukaryota_Opisthokonta_Fungi_Ascomycota_Saccharomycotina_Lipomycetaceae_Lipomyces_Lipomyces_starkeyi; REF_SPR_HQ191369.1.2525_U_18S_rRNA_nucleus_clone_PA2009C3_Eukaryota_Opisthokonta_Fungi_Chytridiomycota_Chytridiomycotina_Chytridiomycetes_Rhyzophidiales_X_Rhyzophidiales_X_sp.; REF_SPR_HQ219392.1.2380_U_18S_rRNA_nucleus_clone_AY2009A5_Eukaryota_Opisthokonta_Fungi_Chytridiomycota_Chytridiomycotina_Chytridiomycotina_X_Chytridiomycotina_XX_Chytridiomycotina_XX_sp.
Anthozoa.U.genus,248,2766,Opisthokonta,Anthozoa,Anthozoa.U.genus,Opisthokonta|Anthozoa|Anthozoa.U.genus,REF_SPR_HG931673.1.2709_U_18S_rRNA_nucleus__Eukaryota_Opisthokonta_Metazoa_Cnidaria_Cnidaria_X_Scyphozoa_Phyllorhiza_Phyllorhiza_punctata; REF_SPR_KT722439.1.1960_Eukaryota_Amorphea_Obazoa_Opisthokonta_Holozoa_Choanozoa_Metazoa_Animalia_BCP_clade_Cnidaria_Hydrozoa_Hydroidolina_Leptothecata_Symplectoscyphus_curvatus; REF_SPR_KT722383.1.1934_Eukaryota_Amorphea_Obazoa_Opisthokonta_Holozoa_Choanozoa_Metazoa_Animalia_BCP_clade_Cnidaria_Hydrozoa_Hydroidolina_Leptothecata_Antarctoscyphus_grandis
Leotiomycetes.U.genus,230,1747,Opisthokonta,Leotiomycetes,Leotiomycetes.U.genus,Opisthokonta|Leotiomycetes|Leotiomycetes.U.genus,IMG_3300023101.a_Ga0224557_1003928; IMG_3300038479.a_Ga0436674_0007308_1; IMG_3300035172.a_Ga0373955_0006713
Saccharomycetales.U.genus,190,1145,Opisthokonta,Saccharomycetales,Saccharomycetales.U.genus,Opisthokonta|Saccharomycetales|Saccharomycetales.U.genus,REF_SPR_AY845351.1.2337_Eukaryota_Amorphea_Obazoa_Opisthokonta_Nucletmycea_Fungi_Dikarya_Ascomycota_Saccharomycotina_Saccharomycetes_Saccharomycetales_Debaryomycetaceae_Scheffersomyces_Candida_lignicola; REF_SPR_JQ038035.1.2289_Eukaryota_Amorphea_Obazoa_Opisthokonta_Nucletmycea_Fungi_Dikarya_Ascomycota_Saccharomycotina_Saccharomycetes_Saccharomycetales_Incertae_Sedis_Kuraishia_Kuraishia_borneana; REF_SPR_AB514601.1.2205_Eukaryota_Amorphea_Obazoa_Opisthokonta_Nucletmycea_Fungi_Dikarya_Ascomycota_Saccharomycotina_Saccharomycetes_Saccharomycetales_Metschnikowiaceae_Metschnikowia_uncultured_fungus
Maxillopoda.U.genus,155,2107,Opisthokonta,Maxillopoda,Maxillopoda.U.genus,Opisthokonta|Maxillopoda|Maxillopoda.U.genus,IMG_3300023179.a_Ga0214923_10015406; REF_SPR_AB625967.1.2136_Eukaryota_Amorphea_Obazoa_Opisthokonta_Holozoa_Choanozoa_Metazoa_Animalia_BCP_clade_Bilateria_Protostomia_Ecdysozoa_Arthropoda_Crustacea_Maxillopoda_Copepoda_Calanoida_Metridia_asymmetrica; REF_SPR_AB625960.1.2064_Eukaryota_Amorphea_Obazoa_Opisthokonta_Holozoa_Choanozoa_Metazoa_Animalia_BCP_clade_Bilateria_Protostomia_Ecdysozoa_Arthropoda_Crustacea_Maxillopoda_Copepoda_Calanoida_Gaetanus_variabilis
Turbellaria.U.genus,153,634,Opisthokonta,Turbellaria.U.family,Turbellaria.U.genus,Opisthokonta|Turbellaria.U.family|Turbellaria.U.genus,REF_SPR_DQ826573.1.2221_Eukaryota_Amorphea_Obazoa_Opisthokonta_Holozoa_Choanozoa_Metazoa_Animalia_BCP_clade_Bilateria_Protostomia_Ecdysozoa_Arthropoda_Crustacea_Maxillopoda_Thecostraca_Akentrogonida_Thompsonia_littoralis; REF_SPR_AY775764.1.1944_Eukaryota_Amorphea_Obazoa_Opisthokonta_Holozoa_Choanozoa_Metazoa_Animalia_BCP_clade_Bilateria_Protostomia_Lophotrochozoa_Platyhelminthes_Rhabditophora_Rhabdocoela_Neodalyellida_Proxenetes_flabellifer; REF_SPR_AY775770.1.1876_Eukaryota_Amorphea_Obazoa_Opisthokonta_Holozoa_Choanozoa_Metazoa_Animalia_BCP_clade_Bilateria_Protostomia_Lophotrochozoa_Platyhelminthes_Rhabditophora_Rhabdocoela_Neodalyellida_Ptychopera_westbladi
Arthropoda.U.genus,138,741,Opisthokonta,Arthropoda.U.family,Arthropoda.U.genus,Opisthokonta|Arthropoda.U.family|Arthropoda.U.genus,REF_SPR_AF332146.1.2659_U_18S_rRNA_nucleus__Eukaryota_Opisthokonta_Metazoa_Arthropoda_Crustacea_Malacostraca_Cyathura_Cyathura_carinata; REF_SPR_JF699547.1.2547_U_18S_rRNA_nucleus__Eukaryota_Opisthokonta_Metazoa_Arthropoda_Crustacea_Malacostraca_Exosphaeroma_Exosphaeroma_sp.; REF_SPR_AF255703.1.2532_U_18S_rRNA_nucleus__Eukaryota_Opisthokonta_Metazoa_Arthropoda_Crustacea_Malacostraca_Colubotelson_Colubotelson_thomsoni
Mammalia.U.genus,122,564,Opisthokonta,Mammalia,Mammalia.U.genus,Opisthokonta|Mammalia|Mammalia.U.genus,REF_SPR_BC025983.1.2414_U_18S_rRNA_nucleus_clone_IMAGE_4025331_Eukaryota_Opisthokonta_Metazoa_Craniata_Craniata_X_Mammalia_Homo_Homo_sapiens; REF_SPR_GECJ01038665.1.1942_Eukaryota_Amorphea_Obazoa_Opisthokonta_Holozoa_Choanozoa_Metazoa_Animalia_BCP_clade_Bilateria_Protostomia_Ecdysozoa_Nematozoa_Nematoda_Enoplea_Dorylaimia_Trichocephalida_Trichinella_pseudospiralis; REF_SPR_GECJ01013363.1.1920_Eukaryota_Amorphea_Obazoa_Opisthokonta_Holozoa_Choanozoa_Metazoa_Animalia_BCP_clade_Bilateria_Protostomia_Ecdysozoa_Nematozoa_Nematoda_Enoplea_Dorylaimia_Trichocephalida_Trichinella_pseudospiralis
Lecanoromycetes.U.genus,116,343,Opisthokonta,Lecanoromycetes,Lecanoromycetes.U.genus,Opisthokonta|Lecanoromycetes|Lecanoromycetes.U.genus,REF_SPR_AJ549810.1.3091_Eukaryota_Amorphea_Obazoa_Opisthokonta_Nucletmycea_Fungi_Dikarya_Ascomycota_Pezizomycotina_Leotiomycetes_Helotiales_Tornabea_Tornabea_scutellifera; REF_SPR_KJ766684.1.2890_U_18S_rRNA_nucleus__Eukaryota_Opisthokonta_Fungi_Ascomycota_Pezizomycotina_Lecanoromycetes_Alectoria_Alectoria_ochroleuca; REF_SPR_AY640991.1.2533_G_18S_rRNA_nucleus_specimen_Reeb_VR_8-VII-98_19__DUKE__Eukaryota_Opisthokonta_Fungi_Ascomycota_Pezizomycotina_Lecanoromycetes_Glypholecia_Glypholecia_scabra
Rotifera_XX.U.genus,113,1652,Opisthokonta,Rotifera_XX,Rotifera_XX.U.genus,Opisthokonta|Rotifera_XX|Rotifera_XX.U.genus,IMG_3300006112.a_Ga0007857_1009312; IMG_3300006116.a_Ga0007807_1005623; REF_SPR_AF499747.1.1820_Eukaryota_Amorphea_Obazoa_Opisthokonta_Holozoa_Choanozoa_Metazoa_Animalia_BCP_clade_Bilateria_Protostomia_Lophotrochozoa_Bryozoa_Gymnolaemata_Cheilostomatida_Parasmittina_sp._HYL-2002
Branchiopoda.U.genus,100,673,Opisthokonta,Branchiopoda,Branchiopoda.U.genus,Opisthokonta|Branchiopoda|Branchiopoda.U.genus,REF_SPR_GDIP01028159.8255.10682_Eukaryota_Amorphea_Obazoa_Opisthokonta_Holozoa_Choanozoa_Metazoa_Animalia_BCP_clade_Bilateria_Protostomia_Ecdysozoa_Arthropoda_Crustacea_Branchiopoda_Phyllopoda_Diplostraca_Daphnia_magna; IMG_3300037346.a_Ga0400280_002143; IMG_3300003818.a_Ga0007841_100047
Arachnida.U.genus,65,128,Opisthokonta,Arachnida,Arachnida.U.genus,Opisthokonta|Arachnida|Arachnida.U.genus,REF_SPR_KJ841943.1.2371_U_18S_rRNA_nucleus_specimen_NJAUEriGUA_Eukaryota_Opisthokonta_Metazoa_Arthropoda_Chelicerata_Arachnida_Epitrimerus_Epitrimerus_sabinae; IMG_3300009697.a_Ga0116231_10033396; REF_SPR_KJ841941.1.2328_U_18S_rRNA_nucleus_specimen_NJAUEriHN13_Eukaryota_Opisthokonta_Metazoa_Arthropoda_Chelicerata_Arachnida_Asetacus_Asetacus_cunninghamiae
Mucoromycotina.U.genus,57,363,Opisthokonta,Mucoromycotina.U.family,Mucoromycotina.U.genus,Opisthokonta|Mucoromycotina.U.family|Mucoromycotina.U.genus,IMG_3300049447.a_Ga0497419_0000879; IMG_3300028452.a_Ga0307247_10019571; IMG_3300036792.a_Ga0376663_0010962
Tremellomycetes.U.genus,52,151,Opisthokonta,Tremellomycetes,Tremellomycetes.U.genus,Opisthokonta|Tremellomycetes|Tremellomycetes.U.genus,IMG_3300007505.a_Ga0105005_1040510; REF_SPR_D31651.1.1866_Eukaryota_Amorphea_Obazoa_Opisthokonta_Nucletmycea_Fungi_Dikarya_Basidiomycota_Agaricomycotina_Tremellomycetes_Tremellales_Sugitazyma_Sugitazyma_miyagiana; IMG_3300046380.a_Ga0494111_0006115
Ustilaginomycotina.U.genus,43,1134,Opisthokonta,Ustilaginomycotina.U.family,Ustilaginomycotina.U.genus,Opisthokonta|Ustilaginomycotina.U.family|Ustilaginomycotina.U.genus,IMG_3300021435.a_Ga0214095_1000002; IMG_3300007015.a_Ga0104053_102086; REF_SPR_HQ191282.1.3527_Eukaryota_Amorphea_Obazoa_Opisthokonta_Nucletmycea_Fungi_Dikarya_Basidiomycota_Ustilaginomycotina_Exobasidiomycetes_Exobasidiales_Exobasidiaceae_Exobasidium_uncultured_Dikarya
Annelida_XX.U.genus,40,202,Opisthokonta,Annelida_XX,Annelida_XX.U.genus,Opisthokonta|Annelida_XX|Annelida_XX.U.genus,IMG_3300036938.a_Ga0392316_0001698; IMG_3300036924.a_Ga0392304_001150; REF_SPR_HM042111.1.1997_U_18S_rRNA_nucleus__Eukaryota_Opisthokonta_Metazoa_Annelida_Annelida_X_Annelida_XX_Novafabricia_Novafabricia_labrus
Basidiomycota.U.genus,32,88,Opisthokonta,Basidiomycota.U.family,Basidiomycota.U.genus,Opisthokonta|Basidiomycota.U.family|Basidiomycota.U.genus,IMG_3300035696.a_Ga0374055_0074138; IMG_3300023106.a_Ga0247809_1000545; REF_SPR_D38239.1.2658_G_18S_rRNA_nucleus_strain_JCM_2896_Eukaryota_Opisthokonta_Fungi_Basidiomycota_Pucciniomycotina_Agaricostilbomycetes_Bensingtonia_Bensingtonia_yamatoana
Rhizophydiales.U.genus,29,107,Opisthokonta,Rhizophydiales.U.family,Rhizophydiales.U.genus,Opisthokonta|Rhizophydiales.U.family|Rhizophydiales.U.genus,IMG_3300044844.a_Ga0453102_0005317; REF_SPR_HQ191426.1.2366_Eukaryota_Amorphea_Obazoa_Opisthokonta_Nucletmycea_Fungi_Chytridiomycota_Incertae_Sedis_Chytridiomycetes_Rhizophydiales_Kappamycetaceae_uncultured_Chytridiomycota; REF_SPR_HQ191296.1.2355_Eukaryota_Amorphea_Obazoa_Opisthokonta_Nucletmycea_Fungi_Chytridiomycota_Incertae_Sedis_Chytridiomycetes_Rhizophydiales_Kappamycetaceae_uncultured_Chytridiomycota
Taphrinomycotina.U.genus,17,110,Opisthokonta,Taphrinomycotina.U.family,Taphrinomycotina.U.genus,Opisthokonta|Taphrinomycotina.U.family|Taphrinomycotina.U.genus,IMG_3300044718.a_Ga0467061_0003738; IMG_3300045257.a_Ga0467023_0004992; IMG_3300038479.a_Ga0436674_0002499_1
Zoopagomycota_XX.U.genus,6,25,Opisthokonta,Zoopagomycota_XX,Zoopagomycota_XX.U.genus,Opisthokonta|Zoopagomycota_XX|Zoopagomycota_XX.U.genus,IMG_3300013307.a_Ga0157372_10033020; IMG_3300009551.a_Ga0105238_10007979_1; IMG_3300025914.a_Ga0207671_10033577
Neocallimastigaceae.U.genus,6,69,Opisthokonta,Neocallimastigaceae,Neocallimastigaceae.U.genus,Opisthokonta|Neocallimastigaceae|Neocallimastigaceae.U.genus,IMG_3300005850.a_Ga0079999_13814; IMG_3300020079.a_Ga0187906_1006476; REF_SPR_FN820273.1.1763_Eukaryota_Amorphea_Obazoa_Opisthokonta_Nucletmycea_Fungi_Mucoromycota_Glomeromycotina_Glomeromycetes_Archaeosporales_Ambisporaceae_Ambispora_Ambispora_granatensis
Blastocladiomycetes.U.genus,3,4,Opisthokonta,Blastocladiomycetes,Blastocladiomycetes.U.genus,Opisthokonta|Blastocladiomycetes|Blastocladiomycetes.U.genus,IMG_3300006378.a_Ga0075498_1069715; IMG_3300006355.a_Ga0075501_1074060; IMG_3300007304.a_Ga0102689_1064118
Zoopagomycota.U.genus,1,2,Opisthokonta,Zoopagomycota.U.family,Zoopagomycota.U.genus,Opisthokonta|Zoopagomycota.U.family|Zoopagomycota.U.genus,IMG_3300045918.a_Ga0485828_0022081
Cercozoa.U.genus,1152,3275,Rhizaria,Cercozoa.U.family,Cercozoa.U.genus,Rhizaria|Cercozoa.U.family|Cercozoa.U.genus,IMG_3300024981.a_Ga0209934_1002102; IMG_3300024981.a_Ga0209934_1002160; IMG_3300025526.a_Ga0208492_1002470
Monothalamids_X.U.genus,507,2233,Rhizaria,Monothalamids_X.U.family,Monothalamids_X.U.genus,Rhizaria|Monothalamids_X.U.family|Monothalamids_X.U.genus,REF_SPR_HM213830.1.4173_U_18S_rRNA_nucleus__Eukaryota_Rhizaria_Foraminifera_Globothalamea_Rotaliida_Elphidiidae_Elphidium_Elphidium_excavatum; REF_SPR_KF042533.1.4130_U_18S_rRNA_nucleus__Eukaryota_Rhizaria_Foraminifera_Globothalamea_Rotaliida_Elphidiidae_Elphidium_Elphidium_excavatum; REF_SPR_AJ318224.1.4066_U_18S_rRNA_nucleus__Eukaryota_Rhizaria_Foraminifera_Monothalamids_Monothalamids_Clade-I_Monothalamids_Clade-I_X_Astrammina_Astrammina_triangularis
Polycystinea.U.genus,391,4253,Rhizaria,Polycystinea.U.family,Polycystinea.U.genus,Rhizaria|Polycystinea.U.family|Polycystinea.U.genus,REF_SPR_HQ651783.1.3714_Eukaryota_SAR_Rhizaria_Retaria_Polycystinea_Spumellaria_Phorticium_Phorticium_clevei; REF_BRK_c-135_conseq_Otu555_4_deep_Ms2-mes_Eukaryota_TSAR_Rhizaria_Radiolaria_Polycystinea_Spumellarida_Spumellarida-Group-I_Spumellarida-Group-I_X_Spumellarida-Group-I_X_sp_Species; REF_SPR_KP175030.1.2281_Eukaryota_SAR_Rhizaria_Retaria_Polycystinea_Spumellaria_Astrosphaera_uncultured_spumellarian
Foraminifera.U.genus,322,2196,Rhizaria,Foraminifera.U.family,Foraminifera.U.genus,Rhizaria|Foraminifera.U.family|Foraminifera.U.genus,IMG_3300010985.a_Ga0138326_10258234; REF_SPR_M20154.1.4194_U_18S_rRNA_nucleus__Eukaryota_Opisthokonta_Metazoa_Craniata_Craniata_X_Mammalia_Mus_Mus_musculus; IMG_3300030752.a_Ga0073953_11461494
Vampyrellida.U.genus,315,1110,Rhizaria,Vampyrellida.U.family,Vampyrellida.U.genus,Rhizaria|Vampyrellida.U.family|Vampyrellida.U.genus,IMG_3300004627.a_Ga0066629_1021251; IMG_3300015615.a_Ga0183872_10630397_1; IMG_3300045391.a_Ga0438458_00330348
Radiolaria.U.genus,272,1717,Rhizaria,Radiolaria.U.family,Radiolaria.U.genus,Rhizaria|Radiolaria.U.family|Radiolaria.U.genus,REF_SPR_HQ651785.1.3845_Eukaryota_SAR_Rhizaria_Retaria_RAD_B_Sticholonche_sp._JB-2011; IMG_3300031800.a_Ga0310122_10008125; IMG_3300020457.a_Ga0211643_10049411
Nassellaria.U.genus,209,918,Rhizaria,Nassellaria.U.family,Nassellaria.U.genus,Rhizaria|Nassellaria.U.family|Nassellaria.U.genus,IMG_3300032278.a_Ga0310345_10012430; IMG_3300003880.a_Ga0063278_1000058; IMG_3300026202.a_Ga0207984_1003241
Thaumatomonadida.U.genus,88,597,Rhizaria,Thaumatomonadida.U.family,Thaumatomonadida.U.genus,Rhizaria|Thaumatomonadida.U.family|Thaumatomonadida.U.genus,IMG_3300007510.a_Ga0105013_1016087; IMG_3300021964.a_Ga0222719_10028737; IMG_3300037427.a_Ga0315325_0038382
Filosa-Thecofilosea.U.genus,33,84,Rhizaria,Filosa-Thecofilosea.U.family,Filosa-Thecofilosea.U.genus,Rhizaria|Filosa-Thecofilosea.U.family|Filosa-Thecofilosea.U.genus,REF_SPR_AB714270.1.2920_Eukaryota_SAR_Rhizaria_Cercozoa_Imbricatea_Silicofilosea_Thaumatomonadida_Peregriniidae_Esquamula_Esquamula_lacrimiformis; IMG_3300028795.a_Ga0302227_10007158_1; IMG_3300044512.a_Ga0453786_0003818
Filosa-Sarcomonadea.U.genus,31,82,Rhizaria,Filosa-Sarcomonadea.U.family,Filosa-Sarcomonadea.U.genus,Rhizaria|Filosa-Sarcomonadea.U.family|Filosa-Sarcomonadea.U.genus,IMG_3300020123.a_Ga0210607_13584687_1; IMG_3300029910.a_Ga0311369_10083986; REF_BRK_c-1160_conseq_Otu0428_25_soil_Sweden_Eukaryota_TSAR_Rhizaria_Cercozoa_Filosa-Sarcomonadea_Glissomonadida_Order
Glissomonadida.U.genus,21,102,Rhizaria,Glissomonadida.U.family,Glissomonadida.U.genus,Rhizaria|Glissomonadida.U.family|Glissomonadida.U.genus,IMG_3300008114.a_Ga0114347_1023095; IMG_3300046507.a_Ga0495606_0090143; IMG_3300022750.a_Ga0247812_10029614
Cryomonadida.U.genus,5,7,Rhizaria,Cryomonadida.U.family,Cryomonadida.U.genus,Rhizaria|Cryomonadida.U.family|Cryomonadida.U.genus,REF_SPR_KC488564.1.1599_Eukaryota_SAR_Rhizaria_Cercozoa_Chlorarachniophyta_Minorisa_uncultured_Rhizaria; REF_BRK_m64077_200210_022006_134284479_ccs_double-barcode_Otu0679_2_surface_WC-sur_Eukaryota_TSAR_Rhizaria_Cercozoa_Filosa-Thecofilosea_Cryomonadida_Protaspa-lineage_Protaspa-lineage_X_Protaspa-lineage_X_sp_Species; REF_BRK_c-3789_conseq_Otu0552_3_surface_WC-sur_Eukaryota_TSAR_Rhizaria_Cercozoa_Filosa-Thecofilosea_Cryomonadida_Order
Cercomonadidae.U.genus,2,3,Rhizaria,Cercomonadidae,Cercomonadidae.U.genus,Rhizaria|Cercomonadidae|Cercomonadidae.U.genus,REF_SPR_AY180023.1.1743_Eukaryota_SAR_Rhizaria_Cercozoa_Novel_Clade_10_uncultured_Cercozoa; REF_SPR_EU701011.1.2120_UC_18S_rRNA_nucleus__Eukaryota_Rhizaria_Cercozoa_Endomyxa-Phytomyxea_Plasmodiophorida_Plasmodiophoridae_Plasmodiophora_Plasmodiophora_brassicae
Rhizaria.U.genus,2,3,Rhizaria,Rhizaria.U.family,Rhizaria.U.genus,Rhizaria|Rhizaria.U.family|Rhizaria.U.genus,IMG_3300036716.a_Ga0315323_0063175; IMG_3300009130.a_Ga0118729_1168182
Rigifilida_XXXX.U.genus,54,201,Rigifilida,Rigifilida_XXXX,Rigifilida_XXXX.U.genus,Rigifilida|Rigifilida_XXXX|Rigifilida_XXXX.U.genus,IMG_3300043427.a_Ga0451747_0047005; REF_SPR_JQ684704.1.1766_U_18S_rRNA_nucleus_specimen_ENCB_19524_Eukaryota_Archaeplastida_Rhodophyta_Bangiophyceae_Bangiales_Bangiaceae_Pyropia_Pyropia_raulaguilarii; REF_SPR_AY268038.1.1731_Eukaryota_Amorphea_Amoebozoa_Incertae_Sedis_Rigifilida_Micronuclearia_Micronuclearia_podoventralis
Stramenopiles.U.genus,1038,7804,Stramenopiles,Stramenopiles.U.family,Stramenopiles.U.genus,Stramenopiles|Stramenopiles.U.family|Stramenopiles.U.genus,IMG_3300022659.a_Ga0248194_14304580; IMG_3300027786.a_Ga0209812_10003318; IMG_3300022468.a_Ga0233289_14264464
Gyrista.U.genus,833,3060,Stramenopiles,Gyrista.U.family,Gyrista.U.genus,Stramenopiles|Gyrista.U.family|Gyrista.U.genus,IMG_3300039159.a_Ga0400140_002040; IMG_3300027777.a_Ga0209829_10005881; IMG_3300031222.a_Ga0307972_1001373
Bicoecea.U.genus,280,1227,Stramenopiles,Bicoecea.U.family,Bicoecea.U.genus,Stramenopiles|Bicoecea.U.family|Bicoecea.U.genus,IMG_3300043421.a_Ga0451740_0001287; IMG_3300044986.a_Ga0485163_0046950; IMG_3300042520.a_Ga0453218_0017300
Opalozoa.U.genus,218,1086,Stramenopiles,Opalozoa.U.family,Opalozoa.U.genus,Stramenopiles|Opalozoa.U.family|Opalozoa.U.genus,IMG_3300025577.a_Ga0209304_1002615; IMG_3300006636.a_Ga0075525_10000970; REF_SPR_HQ219411.1.2449_Eukaryota_SAR_Stramenopiles_MAST-12_uncultured_stramenopile
Thalassiosirales.U.genus,53,222,Stramenopiles,Thalassiosirales.U.family,Thalassiosirales.U.genus,Stramenopiles|Thalassiosirales.U.family|Thalassiosirales.U.genus,IMG_3300022202.a_Ga0224498_10000434; REF_BRK_m64077_200204_130436_82706899_ccs_single-barcode_Otu0755_2_freshwater_Erken-fw_Eukaryota_TSAR_Stramenopiles_Gyrista_Diatomeae_Mediophyceae_Thalassiosirophycidae_Family; REF_SPR_MG972341.1.3209_G_18S_rRNA_nucleus__Eukaryota_Stramenopiles_Ochrophyta_Bacillariophyta_Bacillariophyta_X_Polar-centric-Mediophyceae_Chaetoceros_Chaetoceros_diversus_2
Peronosporomycetes_X.U.genus,44,130,Stramenopiles,Peronosporomycetes_X.U.family,Peronosporomycetes_X.U.genus,Stramenopiles|Peronosporomycetes_X.U.family|Peronosporomycetes_X.U.genus,IMG_3300042349.a_Ga0453943_0001734; IMG_3300037257.a_Ga0397553_0000175; IMG_3300009073.a_Ga0114957_1005582
Bigyra.U.genus,30,244,Stramenopiles,Bigyra.U.family,Bigyra.U.genus,Stramenopiles|Bigyra.U.family|Bigyra.U.genus,IMG_3300025545.a_Ga0209142_1003877; IMG_3300021338.a_Ga0213839_1007792; IMG_3300034068.a_Ga0334990_0016010
Labyrinthulomycetes.U.genus,19,33,Stramenopiles,Labyrinthulomycetes.U.family,Labyrinthulomycetes.U.genus,Stramenopiles|Labyrinthulomycetes.U.family|Labyrinthulomycetes.U.genus,REF_SPR_AF304465.1.2101_Eukaryota_SAR_Stramenopiles_Labyrinthulomycetes_Amphitraemidae_Diplophrys_sp._ATCC_50360; IMG_3300030843.a_Ga0075392_10064645; REF_BRK_m64077_200208_195333_87032648_ccs_single-barcode_Otu1374_2_freshwater_Erken-sed_Eukaryota_TSAR_Stramenopiles_Bigyra_Sagenista_Labyrinthulomycetes_Amphitremida_Diplophrys_Diplophrys_sp_Species
Peronosporales.U.genus,4,45,Stramenopiles,Peronosporales,Peronosporales.U.genus,Stramenopiles|Peronosporales|Peronosporales.U.genus,IMG_3300049629.a_Ga0504420_0005178; REF_SPR_FLLY01000077.696.2480_Eukaryota_SAR_Alveolata_uncultured_seawater_metagenome; REF_SPR_JX840890.1.1235_Eukaryota_SAR_Stramenopiles_MAST-3_MAST-3B_uncultured_stramenopile
Embryophyceae_XX.U.genus,1535,7457,Streptophyta,Embryophyceae_XX,Embryophyceae_XX.U.genus,Streptophyta|Embryophyceae_XX|Embryophyceae_XX.U.genus,IMG_3300044461.a_Ga0483960_0000475; IMG_3300005937.a_Ga0081455_10009994; IMG_3300049024.a_Ga0498808_000419
TSAR.U.genus,509,1675,TSAR.U.division,TSAR.U.family,TSAR.U.genus,TSAR.U.division|TSAR.U.family|TSAR.U.genus,IMG_3300015263.a_Ga0183003_10039147; REF_SPR_MG519743.1.2045_Eukaryota_SAR_Rhizaria_Cercozoa_Gromia_Gromia_melinus; REF_SPR_MG519738.1.2026_Eukaryota_SAR_Rhizaria_Cercozoa_Gromia_Gromia_oviformis
Tubulinea_X.U.genus,121,492,Tubulinea,Tubulinea_X.U.family,Tubulinea_X.U.genus,Tubulinea|Tubulinea_X.U.family|Tubulinea_X.U.genus,IMG_3300035704.a_Ga0376645_0018730; IMG_3300004137.a_Ga0058883_1007751; IMG_3300042006.a_Ga0439432_018071
Euamoebida.U.genus,86,246,Tubulinea,Euamoebida.U.family,Euamoebida.U.genus,Tubulinea|Euamoebida.U.family|Euamoebida.U.genus,REF_SPR_EU869301.1.2048_U_18S_rRNA_nucleus_strain_NTSHR_Eukaryota_Amoebozoa_Lobosa_Tubulinea_Euamoebida_Hartmannellidae_Saccamoeba_Saccamoeba_limax; IMG_3300015371.a_Ga0132258_10105125; REF_SPR_JQ271718.1.1974_Eukaryota_Amorphea_Amoebozoa_Tubulinea_Euamoebida_Saccamoeba_Saccamoeba_sp._MSED6
Arcellinida.U.genus,75,271,Tubulinea,Arcellinida.U.family,Arcellinida.U.genus,Tubulinea|Arcellinida.U.family|Arcellinida.U.genus,REF_SPR_AY848964.1.2373_U_18S_rRNA_nucleus__Eukaryota_Amoebozoa_Lobosa_Tubulinea_Arcellinida_Arcellinida_X_Heleopera_Heleopera_sphagni; IMG_3300009697.a_Ga0116231_10031482; IMG_3300009787.a_Ga0116226_10045138
Phryganellina.U.genus,54,135,Tubulinea,Phryganellina,Phryganellina.U.genus,Tubulinea|Phryganellina|Phryganellina.U.genus,IMG_3300048591.a_Ga0498929_0015681; IMG_3300001471.a_JGI12712J15308_10000261; IMG_3300005563.a_Ga0068855_100159896
Hartmannellidae.U.genus,46,118,Tubulinea,Hartmannellidae,Hartmannellidae.U.genus,Tubulinea|Hartmannellidae|Hartmannellidae.U.genus,IMG_3300009551.a_Ga0105238_10012023; IMG_3300004785.a_Ga0058858_1015577; IMG_3300003725.a_Ga0008087_101138
Elardia.U.genus,28,49,Tubulinea,Elardia.U.family,Elardia.U.genus,Tubulinea|Elardia.U.family|Elardia.U.genus,IMG_3300017970.a_Ga0187783_10039276; IMG_3300005548.a_Ga0070665_100172264; IMG_3300006426.a_Ga0075037_1066427
Tubulinea.U.genus,2,2,Tubulinea,Tubulinea.U.family,Tubulinea.U.genus,Tubulinea|Tubulinea.U.family|Tubulinea.U.genus,IMG_3300036500.a_Ga0393201_004294; IMG_3300036501.a_Ga0393202_044043
