name,count,sequence_count
"# Total rows in original metadata: 70,899",,
Eukaryota.U.genus,9333,39360
Metazoa.U.genus,4480,25091
Amoebozoa.U.genus,4214,15143
Insecta.U.genus,2513,16928
Mastigamoeba,1609,10879
Embryophyceae_XX.U.genus,1535,7457
Euglenida.U.genus,1526,5350
Nematoda.U.genus,1163,5960
Cercozoa.U.genus,1152,3275
Fungi.U.genus,1112,2638
Dinophyceae.U.genus,1090,4487
Stramenopiles.U.genus,1038,7804
Pezizomycotina.U.genus,987,5074
Heterolobosea.U.genus,896,4751
Platyhelminthes.U.genus,851,2920
Gyrista.U.genus,833,3060
Ciliophora.U.genus,803,4342
Stylonychia,800,7715
Opisthokonta.U.genus,687,3638
Agaricomycetes.U.genus,665,4615
Dino-Group-II.U.genus,657,2568
Flectomonas,639,3724
Dino-Group-II-Clade-7_X,547,1828
Dothideomycetes.U.genus,539,2447
Chytridiomycota.U.genus,530,1528
TSAR.U.genus,509,1675
Monothalamids_X.U.genus,507,2233
Chlorophyta_X.U.genus,499,2267
Hexamitidae.U.genus,484,3018
Trachelomonas,470,1572
Sordariomycetes.U.genus,469,2392
Gibberella,466,4262
Pentapharsodinium,466,2001
Kinetoplastea.U.genus,451,1621
Crustacea.U.genus,436,2433
Petalomonadida.U.genus,422,1103
Dino-Group-II-Clade-10-and-11_X,415,1595
Alveolata.U.genus,393,8253
Polycystinea.U.genus,391,4253
Eurotiomycetes.U.genus,381,3580
Zea,372,6252
Mollusca.U.genus,353,2354
Archaeplastida.U.genus,342,1480
Oligohymenophorea.U.genus,339,1781
Agaricomycotina.U.genus,328,2666
Craniata_X.U.genus,326,2470
Foraminifera.U.genus,322,2196
Vampyrellida.U.genus,315,1110
Thalassiosira,309,6048
Pythium,302,870
Malassezia,298,11722
Ostreococcus,293,6432
Ascomycota.U.genus,288,3632
Dino-Group-II-Clade-6_X,286,4127
Chromadorea_X.U.genus,282,791
Bicoecea.U.genus,280,1227
Saccamoeba,279,1566
Radiolaria.U.genus,272,1717
Rozellomycota_XXX,268,757
Saccharomycotina.U.genus,259,3098
Chlorellales_X.U.genus,255,2704
Dileptidae_X,253,2935
Anthozoa.U.genus,248,2766
Rhizophagus,236,4813
Apis,236,762
Leotiomycetes.U.genus,230,1747
Heterodera,228,2028
Lecanicillium,225,1334
Perkinsida_XXX,221,1396
Neobodonida.U.genus,221,929
Opalozoa.U.genus,218,1086
Drosophila,217,1383
Neovahlkampfia,211,780
Nassellaria.U.genus,209,918
Acantharea_3a_X,208,1225
Tetramitia_I.U.genus,200,796
Flamellidae.U.genus,197,567
Dino-Group-I.U.genus,197,907
Dino-Group-I-Clade-5_X,196,1050
Eupetalomonads_XX,192,534
Chlamydomonadales_X.U.genus,191,1360
Saccharomycetales.U.genus,190,1145
Schistosoma,190,955
Fungi_XXXX,190,809
Phyllopharyngea.U.genus,186,686
Dino-Group-I-Clade-4_X,182,1189
WIM80-lineage_X,173,656
Phaeosphaeria,172,1177
Rehmannia,160,265
Rhizophydiales_XX,157,593
Maxillopoda.U.genus,155,2107
Turbellaria.U.genus,153,634
Centroplasthelida_X.U.genus,151,475
Bullinularia,151,397
Salpingoecidae_Group_C1_X,148,357
Scytomonadidae.U.genus,148,357
Nolandellidae_X,142,405
Arthropoda.U.genus,138,741
Rhogostoma-lineage_X,134,853
Copromyxa,133,379
Vorticella,132,1571
Monocystis,131,467
Mammalia.U.genus,122,564
Tubulinea_X.U.genus,121,492
Dino-Group-I-Clade-1_X,116,2072
Lecanoromycetes.U.genus,116,343
Rotifera_XX.U.genus,113,1652
Sawyeria,108,544
Acanthamoeba,104,748
Chromadorea_XX,104,526
Theileria1,101,1221
Penicillium,100,2067
Branchiopoda.U.genus,100,673
Chaetonotus,98,611
Dino-Group-II-Clade-3_X,92,284
Bellemerea,90,667
Kinetoplastea_XXX,90,230
Thaumatomonadida.U.genus,88,597
Euamoebida.U.genus,86,246
Glycine,85,1830
Trypanosoma,85,824
Suctoria_XX,83,403
Allogromiina,83,222
Endostelium,82,179
Dino-Group-II-Clade-1_X,80,328
Cyclotrichium,79,227
Schizoplasmodiidae.U.genus,78,222
Ectocarpus,77,666
Sarcocystis10,76,608
Arcellinida.U.genus,75,271
AND16-lineage_X,75,194
Leidyana2,73,258
Blastocystis,72,618
Mammalia_X,72,159
Russula,71,776
Pristionchus,70,366
Ustanciosporium,69,166
Neocercomonas,69,116
Eimeria1,68,535
Phytophthora,67,1107
Rhizopus,67,969
Scytomonas,66,151
Paramecium,65,547
Arachnida.U.genus,65,128
Danio,65,111
Isaria,64,489
Maxillopoda_X,63,352
Flamella,62,262
Labyrinthula,62,238
Culex,62,345
Coccidiomorphea.U.genus,61,404
Smittium,60,247
Archamoebea.U.genus,58,216
Tetramitia_I_XX,58,319
Rattus,58,114
Mucoromycotina.U.genus,57,363
Bicoecaceae_X,57,469
Caenorhabditis,57,495
Sphaeropleales.U.genus,56,214
Chlorociboria,56,565
Dothideomycetes_X,56,240
Vannella,56,94
Ulva,55,176
Corynespora,55,265
Rigifilida_XXXX.U.genus,54,201
Phryganellina.U.genus,54,135
Neocallimastigomycota_XXX,54,78
Thalassiosirales.U.genus,53,222
Leptomonas,53,327
Peritrichia_2.U.genus,53,322
Spizellomyces,52,167
Tremellomycetes.U.genus,52,151
Picomonas,51,366
Euglenozoa.U.genus,50,204
Cavernomonas,50,92
Mariager-Fjord-lineage_X,50,198
Sey055-lineage_X,50,123
Cryptosporidium1,50,922
Acyrthosiphon,49,436
Aspergillus,48,646
Exophiala,48,94
Echinodermata_XXX,48,349
NPK2-lineage_X,48,137
Trimitus,47,88
Pycnora,46,237
Hartmannellidae.U.genus,46,118
Hartmannella,46,155
Mb5C-lineage_X,46,111
Plasmodiidae.U.genus,45,167
Conus,45,225
Peronosporomycetes_X.U.genus,44,130
Protaspa-lineage_X,44,88
Plasmodium1,44,404
Ustilaginomycotina.U.genus,43,1134
Neobodo,43,74
Trichosporon,42,252
Collophidium,42,87
Novel-Gran-6_X,42,142
Hyaloscypha,40,131
Annelida_XX.U.genus,40,202
Fusiforma,40,96
Nannochloropsis,39,315
Novel-clade-10_XX,38,48
Urotricha,38,128
Stygamoebida_XXX,37,120
Acineta_1,37,104
Kinetoplastea_XX_MET10,37,72
Aureococcus,36,182
Limulus,36,122
Suctoria.U.genus,36,87
Anthoptilum,35,169
Sessilida.U.genus,35,109
Chaos,35,66
Mastigella,34,67
Actinocephalidae.U.genus,34,87
Korotnevella,34,50
Filoreta,34,52
Tokophrya,33,176
Filosa-Thecofilosea.U.genus,33,84
Gromia,33,56
Basidiomycota.U.genus,32,88
Hexamita,32,113
Spinibdella,31,179
LOS7N/I-lineage_X,31,221
Filosa-Sarcomonadea.U.genus,31,82
Physochila,30,151
Arabidopsis,30,32
Bigyra.U.genus,30,244
Rhizophydiales.U.genus,29,107
Candida,29,319
Ptolemeba,29,78
Perkinsida_X.U.genus,29,74
Teratosphaeria,29,32
Physcomitrella,28,50
Discosea_X.U.genus,28,93
Elardia.U.genus,28,49
Tremellomycetes_X,27,282
Gregarina3,27,218
Paradinium,27,43
Gregarinidae.U.genus,27,187
Tholomura,26,77
Gyropaigne,26,100
Trichocladium,25,579
Chlorellales_XX,25,93
Kinetoplastea_XX.U.genus,25,45
Trochilia,25,115
Spadicoides,24,103
Distigma,24,188
Chlamydomonas,23,107
Auxenochlorella,23,524
Kinetoplastea_XX_MET8,23,67
NC12A-lineage_X,22,45
Dinoflagellata.U.genus,22,28
Unclassified_Provorticidae,21,58
Eurytemora,21,89
Glissomonadida.U.genus,21,102
Xiphocephalus,20,39
Coccomyxa,20,87
Paramoeba,20,31
Hemimastix,20,81
Ceratiomyxella,20,54
Babesiidae.U.genus,20,90
Cercomonas,20,57
Schizoplasmodium,20,36
Dino-Group-II-Clade-14_X,19,51
Articulospora,19,62
Diptilomiopus,19,31
Labyrinthulomycetes.U.genus,19,33
Gadixcellia,19,22
Ichthyophthirius,19,444
Centroplasthelida_XXXXX,19,25
Nemogullmia,18,66
Cafeteria,18,75
Zoopagomycota_XXX,18,43
Colpodellida_CHR1_X,18,70
Dino-Group-II-Clade-21_X,17,78
Taphrina,17,80
Taphrinomycotina.U.genus,17,110
Paulinella,17,24
Diplophrys,17,26
Populus,16,126
Encentrum,16,25
Oribatida,16,24
Petalomonas,16,26
Allomyces,16,114
Zymoseptoria,16,52
Sabatieria,16,95
Acanthamoebidae_X,16,22
Amphitrema,16,60
Paracalanus,15,324
Gregarinomorphea.U.genus,15,80
Phialophora,15,31
MAST-12C,15,27
Bathycoccus,15,99
Chloropicon,15,50
Phaeodactylum,15,37
Eudiaptomus,14,901
Nematostella,14,36
Polychaos,14,43
Allobodo,14,30
Dinophyceae_XXX,14,19
Saccharomyces,13,969
Chrysaora,13,32
Leohumicola,13,81
OLIGO2_X,13,158
Cercomonadidae_X,13,26
Rigifila,13,17
Crassostrea,13,29
Neurospora,13,243
Ricinus,13,15
Rhizoclosmatium,12,82
Aphelidium,12,17
Dino-Group-II_XX,12,29
Coemansia,12,40
Chydorus,12,27
Tetrachaetum,12,36
Plagiostomum,12,25
Cercozoa_XXXX,12,21
Spumella,12,14
Micronuclearia,12,28
Mrakia,11,95
Nucleariidae_Nuclearia_2_X,11,30
Tobrilus,11,65
Coccidioides,11,17
Chlorophyceae.U.genus,10,62
Trepomonas,10,23
Coelomomyces,10,29
Reophax,10,34
Psora,10,24
Colletotrichum,10,15
Chloroparva,10,17
Pterocystida_XXX,10,24
Bodo,10,15
Plasmodium2,10,35
Daphnia,10,26
Vampyrella,10,18
Notosolenus,10,15
Evaginogenida_X,9,17
Astrorhiza,9,9
Mitosporidium,9,13
Plectonchus,9,71
Ventrifissura,9,9
Tilletiopsis,8,53
Clavicaudoides,8,142
Kinetoplastea_XX_MET3,8,14
Balamuthia,8,12
Agaricomycetes_X,8,27
LKM74-lineage_X,8,10
Prodesmodora,8,10
Mucoromycotina_XX,8,8
Bacillariophyceae_XXX,8,29
Thaumatomonas,8,9
Brachypodium,7,18
Tubulinea_XXXXX,7,15
Bicoecea_XXX,7,9
Zoopagomycota_XX.U.genus,6,25
Sandona,6,9
Podospora,6,12
Pseudovorticella,6,76
Strigomonas,6,30
Ichthyophonida_XXX,6,11
epibiont,6,29
Eimeriida.U.genus,6,20
Neocallimastigaceae.U.genus,6,69
Cryptosporidiidae.U.genus,6,8
Cryptodifflugia,6,11
Mortierella,6,6
ARMOP1_X,6,9
Ascomorpha,6,7
Nematostelium,6,8
Saprolegnia,5,126
Centropages,5,13
Metridia,5,70
Hyplorynchus,5,10
Botryococcus,5,8
Actinosphaerium,5,14
Aculops,5,7
Polychytrium,5,6
Philaenus,5,7
Penthaleus,5,143
Neogregarinorida.U.genus,5,9
Cryomonadida.U.genus,5,7
Xenopus,5,9
Choanocystis,5,6
Ripidomyxa,5,6
Novel-Clade-4_X,5,6
Guepiniopsis,5,5
Stramenopiles_XXXXX,5,8
Cryptococcus,5,5
Homo,5,15
Peronosporales.U.genus,4,45
Anomalocera,4,55
Venturia,4,4
Plasmodium4,4,6
Protaspa,4,4
Diaphanosoma,4,5
Bosmina,4,43
Acartia,4,7
Endomyxa-Ascetosporea_XXX,4,8
Parhypochthonius,4,6
Streptophyta_XXXXX,4,23
Anolis,4,42
Rhynchomonas,4,14
Paradinida_XX,4,5
Cyclops,4,5
OLIGO5_XX,4,4
CCW10-lineage_X,4,6
Limnofilidae_X,4,6
Paracercomonas,4,4
Ditylenchus,4,4
Mataza-lineage_X,4,5
Leidyana1,3,29
Ceratium,3,65
Lipomyces,3,6
Spermatozopsis,3,12
Lecidea,3,9
Tectonidula,3,5
Phytomonas,3,7
Hartmannulidae_X,3,6
Culiseta,3,6
NC12B-lineage_X,3,11
Batrachochytrium,3,45
Loimia,3,6
Cryptosporidium13,3,4
Babesia6,3,68
Neofabraea,3,6
Allantion,3,4
Protacanthamoeba,3,3
Thamnocephalis,3,4
Blastocladiomycetes.U.genus,3,4
Chytridiomycota_XXX,3,3
Adelina,3,3
Filosa-Thecofilosea_XXX,3,4
Cryptosporidium15,3,3
Neocallimastix,3,4
Acanthopodida.U.genus,3,3
MAST-3E,3,7
Alphamonadea_ALPH1,2,10
Scrippsiella,2,7
Raphidocelis,2,2
Micractinium,2,10
Mayetiola,2,11
Endo5-lineage_XXX,2,2
Farlowiella,2,4
Coniophora,2,3
Cyanidioschyzon,2,21
Sphaerozoum,2,3
Alaimus,2,2
Nibbleromonas,2,9
Mattesia,2,3
Paramicrosporidium,2,8
Cercomonadidae.U.genus,2,3
Pelobiontida.U.genus,2,3
Phryganella,2,2
Schizosaccharomyces,2,13
Cryothecomonas,2,3
Glissomonadida_XX,2,2
Panellus,2,3
Corallicolla,2,2
Thaumatomonadida_XX,2,2
Tubulinea.U.genus,2,2
Rhizaria.U.genus,2,3
Cryptosporidium4,2,2
Oryza,1,29
Massaria,1,4
Tuckermannopsis,1,5
Skeletonema,1,1
Monoraphidium,1,1
Surapoda,1,2
Campanella,1,3
Group-Te,1,2
Simocephalus,1,2
Nebulomonas,1,3
Leptodora,1,7
Ubysseya,1,2
Zoopagomycota.U.genus,1,2
Sorghum,1,2
Ankistrodesmus,1,2
Massisteria,1,2
Sphaeropleales_XX,1,2
Cladophialophora,1,6
Halodaphnea,1,2
Craniata_XXX,1,1
Chytridiales_XX,1,5
Echinamoeba,1,2
Heterolepidoderma,1,1
Cryomonadida_XX,1,1
Piromyces,1,6
Mastigamoebida.U.genus,1,2
Hyphodiscus,1,1
Debaryomyces,1,1
